t,phase,h_ref,h,vz,err,integral,thrust,roll,pitch,batt_v,vz_tof,terrain_off,m1_FR,m2_RL,m3_FL,m4_RR
0.000,arming,0.000,0.047,-0.033,0.000,0.000,0.000,-0.0,0.2,16.20,0.043,0.000,0,0,0,0
0.020,arming,0.000,0.047,-0.033,0.000,0.000,0.000,0.0,0.2,16.20,0.043,0.000,0,0,0,0
0.040,arming,0.000,0.040,-0.033,0.000,0.000,0.000,0.0,0.2,16.20,-0.037,0.000,0,0,0,0
0.060,arming,0.000,0.040,-0.032,0.000,0.000,0.000,0.0,0.2,16.20,-0.037,0.000,0,0,0,0
0.080,arming,0.000,0.049,-0.032,0.000,0.000,0.000,0.0,0.2,16.20,0.049,0.000,0,0,0,0
0.100,arming,0.000,0.049,-0.032,0.000,0.000,0.000,0.0,0.2,16.20,0.049,0.000,0,0,0,0
0.120,arming,0.000,0.040,-0.031,0.000,0.000,0.000,0.0,0.2,16.20,-0.041,0.000,0,0,0,0
0.140,arming,0.000,0.048,-0.031,0.000,0.000,0.000,0.0,0.2,16.20,0.039,0.000,0,0,0,0
0.160,arming,0.000,0.048,-0.030,0.000,0.000,0.000,0.0,0.2,16.20,0.039,0.000,0,0,0,0
0.180,arming,0.000,0.045,-0.030,0.000,0.000,0.000,0.0,0.2,16.20,0.001,0.000,0,0,0,0
0.200,arming,0.000,0.045,-0.029,0.000,0.000,0.000,0.0,0.2,16.20,0.001,0.000,0,0,0,0
0.220,arming,0.000,0.042,-0.029,0.000,0.000,0.000,0.0,0.2,16.20,-0.025,0.000,0,0,0,0
0.240,arming,0.000,0.040,-0.029,0.000,0.000,0.000,0.0,0.2,16.20,-0.034,0.000,0,0,0,0
0.260,arming,0.000,0.040,-0.028,0.000,0.000,0.000,0.0,0.2,16.20,-0.034,0.000,0,0,0,0
0.280,arming,0.000,0.040,-0.028,0.000,0.000,0.000,0.0,0.2,16.20,-0.024,0.000,0,0,0,0
0.300,arming,0.000,0.040,-0.027,0.000,0.000,0.000,0.0,0.2,16.20,-0.017,0.000,0,0,0,0
0.320,arming,0.000,0.040,-0.027,0.000,0.000,0.000,0.0,0.2,16.20,-0.017,0.000,0,0,0,0
0.340,arming,0.000,0.042,-0.027,0.000,0.000,0.000,0.0,0.2,16.20,0.007,0.000,0,0,0,0
0.360,arming,0.000,0.042,-0.026,0.000,0.000,0.000,0.0,0.2,16.20,0.007,0.000,0,0,0,0
0.380,arming,0.000,0.043,-0.026,0.000,0.000,0.000,0.0,0.2,16.20,0.014,0.000,0,0,0,0
0.400,arming,0.000,0.043,-0.026,0.000,0.000,0.000,0.0,0.2,16.20,0.011,0.000,0,0,0,0
0.420,arming,0.000,0.043,-0.026,0.000,0.000,0.000,0.0,0.2,16.20,0.011,0.000,150,150,150,150
0.440,arming,0.000,0.040,-0.026,0.000,0.000,0.000,0.0,0.2,16.20,-0.022,0.000,150,150,150,150
0.460,arming,0.000,0.040,-0.026,0.000,0.000,0.000,0.0,0.2,16.20,-0.022,0.000,150,150,150,150
0.480,arming,0.000,0.041,-0.026,0.000,0.000,0.000,0.0,0.2,16.20,-0.006,0.000,150,150,150,150
0.500,arming,0.000,0.040,-0.026,0.000,0.000,0.000,0.0,0.2,16.20,-0.014,0.000,150,150,150,150
0.520,arming,0.000,0.040,-0.026,0.000,0.000,0.000,0.0,0.2,16.20,-0.014,0.000,150,150,150,150
0.540,arming,0.000,0.046,-0.026,0.000,0.000,0.000,0.0,0.2,16.20,0.043,0.000,150,150,150,150
0.560,arming,0.000,0.042,-0.026,0.000,0.000,0.000,0.0,0.2,16.20,-0.006,0.000,150,150,150,150
0.580,arming,0.000,0.042,-0.026,0.000,0.000,0.000,0.0,0.2,16.20,-0.006,0.000,150,150,150,150
0.600,arming,0.000,0.041,-0.025,0.000,0.000,0.000,0.0,0.2,16.20,-0.012,0.000,150,150,150,150
0.620,arming,0.000,0.041,-0.025,0.000,0.000,0.000,0.0,0.2,16.20,-0.012,0.000,150,150,150,150
0.640,arming,0.000,0.043,-0.025,0.000,0.000,0.000,0.0,0.2,16.20,0.005,0.000,150,150,150,150
0.660,arming,0.000,0.043,-0.025,0.000,0.000,0.000,0.0,0.2,16.20,0.005,0.000,150,150,150,150
0.680,arming,0.000,0.045,-0.025,0.000,0.000,0.000,0.0,0.2,16.20,0.031,0.000,150,150,150,150
0.700,arming,0.000,0.047,-0.024,0.000,0.000,0.000,0.0,0.2,16.20,0.040,0.000,150,150,150,150
0.720,arming,0.000,0.047,-0.024,0.000,0.000,0.000,0.0,0.2,16.20,0.040,0.000,150,150,150,150
0.740,arming,0.000,0.046,-0.024,0.000,0.000,0.000,0.0,0.2,16.20,0.014,0.000,150,150,150,150
0.760,arming,0.000,0.046,-0.023,0.000,0.000,0.000,0.0,0.2,16.20,0.014,0.000,150,150,150,150
0.780,arming,0.000,0.041,-0.023,0.000,0.000,0.000,0.0,0.2,16.20,-0.035,0.000,150,150,150,150
0.800,arming,0.000,0.041,-0.023,0.000,0.000,0.000,0.0,0.2,16.20,-0.026,0.000,150,150,150,150
0.820,arming,0.000,0.041,-0.022,0.000,0.000,0.000,0.0,0.2,16.20,-0.026,0.000,150,150,150,150
0.840,arming,0.000,0.046,-0.022,0.000,0.000,0.000,0.0,0.2,16.20,0.033,0.000,150,150,150,150
0.860,arming,0.000,0.042,-0.022,0.000,0.000,0.000,0.0,0.2,16.20,-0.012,0.000,150,150,150,150
0.880,arming,0.000,0.042,-0.022,0.000,0.000,0.000,0.0,0.2,16.20,-0.012,0.000,150,150,150,150
0.900,arming,0.000,0.044,-0.021,0.000,0.000,0.000,0.0,0.2,16.20,0.012,0.000,150,150,150,150
0.920,arming,0.000,0.044,-0.020,0.000,0.000,0.000,0.0,0.2,16.20,0.012,0.000,150,150,150,150
0.940,arming,0.000,0.040,-0.020,0.000,0.000,0.000,0.0,0.2,16.20,-0.030,0.000,150,150,150,150
0.960,arming,0.000,0.042,-0.019,0.000,0.000,0.000,0.0,0.2,16.20,-0.006,0.000,150,150,150,150
0.980,arming,0.000,0.042,-0.019,0.000,0.000,0.000,0.0,0.2,16.20,-0.006,0.000,150,150,150,150
1.000,arming,0.000,0.045,-0.019,0.000,0.000,0.000,0.0,0.2,16.20,0.023,0.000,150,150,150,150
1.020,arming,0.000,0.045,-0.019,0.000,0.000,0.000,0.0,0.2,16.20,0.023,0.000,150,150,150,150
1.040,arming,0.000,0.045,-0.019,0.000,0.000,0.000,0.0,0.2,16.20,0.012,0.000,150,150,150,150
1.060,arming,0.000,0.040,-0.018,0.000,0.000,0.000,0.0,0.2,16.20,-0.037,0.000,150,150,150,150
1.080,arming,0.000,0.040,-0.018,0.000,0.000,0.000,0.0,0.2,16.20,-0.037,0.000,150,150,150,150
1.100,arming,0.000,0.040,-0.018,0.000,0.000,0.000,0.0,0.2,16.20,-0.022,0.000,150,150,150,150
1.120,arming,0.000,0.040,-0.018,0.000,0.000,0.000,0.0,0.2,16.20,-0.022,0.000,150,150,150,150
1.140,arming,0.000,0.047,-0.018,0.000,0.000,0.000,0.0,0.2,16.20,0.041,0.000,150,150,150,150
1.160,arming,0.000,0.044,-0.018,0.000,0.000,0.000,0.0,0.2,16.20,-0.003,0.000,150,150,150,150
1.180,arming,0.000,0.044,-0.018,0.000,0.000,0.000,0.0,0.2,16.20,-0.003,0.000,150,150,150,150
1.200,arming,0.000,0.042,-0.017,0.000,0.000,0.000,0.0,0.2,16.20,-0.018,0.000,150,150,150,150
1.220,arming,0.000,0.040,-0.017,0.000,0.000,0.000,0.0,0.2,16.20,-0.033,0.000,150,150,150,150
1.240,arming,0.000,0.040,-0.017,0.000,0.000,0.000,0.0,0.2,16.20,-0.033,0.000,150,150,150,150
1.260,arming,0.000,0.040,-0.016,0.000,0.000,0.000,0.0,0.2,16.20,-0.023,0.000,150,150,150,150
1.280,arming,0.000,0.040,-0.016,0.000,0.000,0.000,0.0,0.2,16.20,-0.023,0.000,150,150,150,150
1.300,arming,0.000,0.052,-0.015,0.000,0.000,0.000,0.0,0.2,16.20,0.088,0.000,150,150,150,150
1.320,find_hover,0.000,0.052,-0.014,0.000,0.000,0.000,0.0,0.2,16.20,0.088,0.000,150,150,150,150
1.340,find_hover,0.000,0.046,-0.014,0.000,0.000,0.052,0.0,0.2,16.20,0.002,0.000,150,150,150,150
1.360,find_hover,0.000,0.041,-0.013,0.000,0.000,0.055,0.0,0.2,16.20,-0.039,0.000,150,150,150,150
1.380,find_hover,0.000,0.041,-0.013,0.000,0.000,0.057,0.0,0.2,16.20,-0.039,0.000,150,150,150,150
1.400,find_hover,0.000,0.046,-0.012,0.000,0.000,0.060,0.0,0.2,16.20,0.010,0.000,150,150,150,150
1.420,find_hover,0.000,0.046,-0.011,0.000,0.000,0.062,0.0,0.2,16.20,0.010,0.000,285,283,284,284
1.440,find_hover,0.000,0.045,-0.011,0.000,0.000,0.064,0.0,0.2,16.20,-0.003,0.000,285,283,284,284
1.460,find_hover,0.000,0.041,-0.011,0.000,0.000,0.067,0.0,0.2,16.20,-0.040,0.000,285,283,284,284
1.480,find_hover,0.000,0.041,-0.011,0.000,0.000,0.069,0.0,0.2,16.20,-0.040,0.000,285,283,284,284
1.500,find_hover,0.000,0.041,-0.010,0.000,0.000,0.072,0.0,0.2,16.20,-0.022,0.000,285,283,284,284
1.520,find_hover,0.000,0.041,-0.009,0.000,0.000,0.074,0.0,0.2,16.20,-0.022,0.000,313,311,310,311
1.540,find_hover,0.000,0.040,-0.009,0.000,0.000,0.076,0.0,0.2,16.20,-0.028,0.000,313,311,310,311
1.560,find_hover,0.000,0.043,-0.007,0.000,0.000,0.079,0.0,0.2,16.20,0.012,0.000,313,311,310,311
1.580,find_hover,0.000,0.043,-0.007,0.000,0.000,0.081,0.0,0.2,16.20,0.012,0.000,313,311,310,311
1.600,find_hover,0.000,0.043,-0.006,0.000,0.000,0.084,0.0,0.2,16.20,0.002,0.000,313,311,310,311
1.620,find_hover,0.000,0.040,-0.006,0.000,0.000,0.086,0.0,0.2,16.20,-0.023,0.000,340,337,337,338
1.640,find_hover,0.000,0.040,-0.006,0.000,0.000,0.088,0.0,0.2,16.20,-0.023,0.000,340,337,337,338
1.660,find_hover,0.000,0.050,-0.005,0.000,0.000,0.091,0.0,0.2,16.20,0.066,0.000,340,337,337,338
1.680,find_hover,0.000,0.050,-0.005,0.000,0.000,0.093,0.0,0.2,16.20,0.066,0.000,340,337,337,338
1.700,find_hover,0.000,0.045,-0.005,0.000,0.000,0.096,0.0,0.2,16.20,0.005,0.000,340,337,337,338
1.720,find_hover,0.000,0.040,-0.005,0.000,0.000,0.098,0.0,0.2,16.20,-0.047,0.000,367,365,363,365
1.740,find_hover,0.000,0.040,-0.005,0.000,0.000,0.100,0.0,0.2,16.20,-0.047,0.000,367,365,363,365
1.760,find_hover,0.000,0.051,-0.003,0.000,0.000,0.103,0.0,0.2,16.20,0.065,0.000,367,365,363,365
1.780,find_hover,0.000,0.051,-0.003,0.000,0.000,0.105,0.0,0.2,16.20,0.065,0.000,367,365,363,365
1.800,find_hover,0.000,0.044,-0.002,0.000,0.000,0.108,0.0,0.2,16.20,-0.005,0.000,367,365,363,365
1.820,find_hover,0.000,0.045,-0.001,0.000,0.000,0.110,0.0,0.2,16.20,-0.000,0.000,394,392,390,392
1.840,find_hover,0.000,0.045,-0.001,0.000,0.000,0.112,0.0,0.2,16.20,-0.000,0.000,394,392,390,392
1.860,find_hover,0.000,0.040,-0.001,0.000,0.000,0.115,0.0,0.2,16.20,-0.043,0.000,394,392,390,392
1.880,find_hover,0.000,0.040,-0.001,0.000,0.000,0.117,0.0,0.2,16.20,-0.043,0.000,394,392,390,392
1.900,find_hover,0.000,0.047,-0.000,0.000,0.000,0.120,0.0,0.2,16.20,0.034,0.000,394,392,390,392
1.920,find_hover,0.000,0.041,0.000,0.000,0.000,0.122,0.0,0.2,16.20,-0.035,0.000,421,420,417,419
1.940,find_hover,0.000,0.041,0.000,0.000,0.000,0.124,0.0,0.2,16.20,-0.035,0.000,421,420,417,419
1.960,find_hover,0.000,0.044,0.001,0.000,0.000,0.127,0.0,0.2,16.20,0.005,0.000,421,420,417,419
1.980,find_hover,0.000,0.044,0.001,0.000,0.000,0.129,0.0,0.2,16.20,0.000,0.000,421,420,417,419
2.000,find_hover,0.000,0.044,0.001,0.000,0.000,0.132,0.0,0.2,16.20,0.000,0.000,421,420,417,419
2.020,find_hover,0.000,0.041,0.001,0.000,0.000,0.134,0.0,0.2,16.20,-0.027,0.000,448,447,443,446
2.040,find_hover,0.000,0.041,0.001,0.000,0.000,0.136,0.0,0.2,16.20,-0.027,0.000,448,447,443,446
2.060,find_hover,0.000,0.041,0.001,0.000,0.000,0.139,0.0,0.2,16.20,-0.020,0.000,448,447,443,446
2.080,find_hover,0.000,0.041,0.001,0.000,0.000,0.141,0.0,0.2,16.20,-0.020,0.000,448,447,443,446
2.100,find_hover,0.000,0.043,0.001,0.000,0.000,0.144,0.0,0.2,16.20,0.006,0.000,448,447,443,446
2.120,find_hover,0.000,0.046,0.001,0.000,0.000,0.146,0.0,0.2,16.20,0.034,0.000,475,474,470,473
2.140,find_hover,0.000,0.046,0.001,0.000,0.000,0.148,0.0,0.2,16.20,0.034,0.000,475,474,470,473
2.160,find_hover,0.000,0.041,0.002,0.000,0.000,0.151,0.0,0.2,16.20,-0.019,0.000,475,474,470,473
2.180,find_hover,0.000,0.042,0.002,0.000,0.000,0.153,0.0,0.2,16.20,-0.007,0.000,475,474,470,473
2.200,find_hover,0.000,0.042,0.002,0.000,0.000,0.156,0.0,0.2,16.20,-0.007,0.000,475,474,470,473
2.220,find_hover,0.000,0.044,0.002,0.000,0.000,0.158,0.0,0.2,16.20,0.011,0.000,503,502,496,500
2.240,find_hover,0.000,0.044,0.002,0.000,0.000,0.160,0.0,0.2,16.20,0.011,0.000,503,502,496,500
2.260,find_hover,0.000,0.049,0.003,0.000,0.000,0.163,0.0,0.2,16.20,0.056,0.000,503,502,496,500
2.280,find_hover,0.000,0.044,0.003,0.000,0.000,0.165,0.0,0.2,16.20,-0.010,0.000,503,502,496,500
2.300,find_hover,0.000,0.044,0.004,0.000,0.000,0.168,0.0,0.2,16.20,-0.010,0.000,503,502,496,500
2.320,find_hover,0.000,0.043,0.005,0.000,0.000,0.170,0.0,0.2,16.17,-0.015,0.000,531,529,523,526
2.340,find_hover,0.000,0.043,0.005,0.000,0.000,0.172,0.0,0.2,16.17,-0.015,0.000,531,529,523,526
2.360,find_hover,0.000,0.045,0.006,0.000,0.000,0.175,0.0,0.2,16.17,0.008,0.000,531,529,523,526
2.380,find_hover,0.000,0.043,0.006,0.000,0.000,0.177,0.0,0.2,16.17,-0.018,0.000,531,529,523,526
2.400,find_hover,0.000,0.043,0.007,0.000,0.000,0.180,0.0,0.2,16.17,-0.018,0.000,531,529,523,526
2.420,find_hover,0.000,0.042,0.008,0.000,0.000,0.182,0.0,0.2,16.17,-0.022,0.000,558,556,549,554
2.440,find_hover,0.000,0.042,0.008,0.000,0.000,0.184,0.0,0.2,16.17,-0.022,0.000,558,556,549,554
2.460,find_hover,0.000,0.041,0.009,0.000,0.000,0.187,0.0,0.1,16.17,-0.022,0.000,558,556,549,554
2.480,find_hover,0.000,0.048,0.009,0.000,0.000,0.189,0.0,0.1,16.17,0.043,0.000,558,556,549,554
2.500,find_hover,0.000,0.048,0.010,0.000,0.000,0.192,0.0,0.1,16.17,0.043,0.000,558,556,549,554
2.520,find_hover,0.000,0.045,0.011,0.000,0.000,0.194,0.0,0.1,16.17,0.006,0.000,585,582,576,581
2.540,find_hover,0.000,0.045,0.011,0.000,0.000,0.196,0.0,0.1,16.17,0.006,0.000,585,582,576,581
2.560,find_hover,0.000,0.042,0.012,0.000,0.000,0.199,0.0,0.1,16.17,-0.029,0.000,585,582,576,581
2.580,find_hover,0.000,0.042,0.012,0.000,0.000,0.201,0.0,0.1,16.17,-0.015,0.000,585,582,576,581
2.600,find_hover,0.000,0.042,0.013,0.000,0.000,0.204,0.0,0.1,16.17,-0.015,0.000,585,582,576,581
2.620,find_hover,0.000,0.040,0.014,0.000,0.000,0.206,0.0,0.1,16.17,-0.032,0.000,613,610,602,608
2.640,find_hover,0.000,0.040,0.014,0.000,0.000,0.208,0.0,0.1,16.17,-0.032,0.000,613,610,602,608
2.660,find_hover,0.000,0.046,0.015,0.000,0.000,0.211,0.0,0.1,16.17,0.034,0.000,613,610,602,608
2.680,find_hover,0.000,0.042,0.015,0.000,0.000,0.213,0.0,0.1,16.17,-0.012,0.000,613,610,602,608
2.700,find_hover,0.000,0.042,0.016,0.000,0.000,0.216,0.0,0.1,16.17,-0.012,0.000,613,610,602,608
2.720,find_hover,0.000,0.042,0.017,0.000,0.000,0.218,0.0,0.1,16.17,-0.009,0.000,640,637,628,635
2.740,find_hover,0.000,0.042,0.017,0.000,0.000,0.220,0.0,0.1,16.17,-0.009,0.000,640,637,628,635
2.760,find_hover,0.000,0.047,0.017,0.000,0.000,0.223,0.0,0.1,16.17,0.038,0.000,640,637,628,635
2.780,find_hover,0.000,0.040,0.017,0.000,0.000,0.225,0.0,0.1,16.17,-0.035,0.000,640,637,628,635
2.800,find_hover,0.000,0.040,0.017,0.000,0.000,0.228,0.0,0.1,16.17,-0.035,0.000,640,637,628,635
2.820,find_hover,0.000,0.043,0.017,0.000,0.000,0.230,0.0,0.1,16.17,-0.000,0.000,668,665,654,661
2.840,find_hover,0.000,0.044,0.017,0.000,0.000,0.232,0.0,0.1,16.17,0.016,0.000,668,665,654,661
2.860,find_hover,0.000,0.044,0.017,0.000,0.000,0.235,0.0,0.1,16.17,0.016,0.000,668,665,654,661
2.880,find_hover,0.000,0.042,0.017,0.000,0.000,0.237,0.0,0.1,16.17,-0.012,0.000,668,665,654,661
2.900,find_hover,0.000,0.042,0.017,0.000,0.000,0.240,0.0,0.1,16.17,-0.012,0.000,668,665,654,661
2.920,find_hover,0.000,0.045,0.017,0.000,0.000,0.242,0.0,0.1,16.17,0.017,0.000,696,693,680,688
2.940,find_hover,0.000,0.044,0.017,0.000,0.000,0.244,0.0,0.1,16.17,0.006,0.000,696,693,680,688
2.960,find_hover,0.000,0.044,0.017,0.000,0.000,0.247,0.0,0.1,16.17,0.006,0.000,696,693,680,688
2.980,find_hover,0.000,0.044,0.017,0.000,0.000,0.249,0.0,0.1,16.17,0.003,0.000,696,693,680,688
3.000,find_hover,0.000,0.044,0.017,0.000,0.000,0.252,0.0,0.1,16.17,0.003,0.000,696,693,680,688
3.020,find_hover,0.000,0.051,0.017,0.000,0.000,0.254,0.0,0.1,16.17,0.073,0.000,724,720,706,714
3.040,find_hover,0.000,0.040,0.017,0.000,0.000,0.256,0.0,0.1,16.17,-0.053,0.000,724,720,706,714
3.060,find_hover,0.000,0.040,0.017,0.000,0.000,0.259,0.0,0.1,16.17,-0.053,0.000,724,720,706,714
3.080,find_hover,0.000,0.046,0.017,0.000,0.000,0.261,0.0,0.1,16.17,0.028,0.000,724,720,706,714
3.100,find_hover,0.000,0.046,0.018,0.000,0.000,0.264,0.0,0.1,16.17,0.028,0.000,724,720,706,714
3.120,find_hover,0.000,0.040,0.019,0.000,0.000,0.266,0.0,0.1,16.17,-0.033,0.000,751,748,733,741
3.140,find_hover,0.000,0.046,0.019,0.000,0.000,0.268,0.0,0.1,16.17,0.028,0.000,751,748,733,741
3.160,find_hover,0.000,0.046,0.020,0.000,0.000,0.271,0.0,0.1,16.17,0.028,0.000,751,748,733,741
3.180,find_hover,0.000,0.045,0.020,0.000,0.000,0.273,0.0,0.1,16.17,0.018,0.000,751,748,733,741
3.200,find_hover,0.000,0.045,0.021,0.000,0.000,0.276,0.0,0.1,16.17,0.018,0.000,751,748,733,741
3.220,find_hover,0.000,0.046,0.022,0.000,0.000,0.278,0.0,0.1,16.17,0.018,0.000,779,775,759,768
3.240,find_hover,0.000,0.045,0.022,0.000,0.000,0.280,0.0,0.1,16.17,0.007,0.000,779,775,759,768
3.260,find_hover,0.000,0.045,0.024,0.000,0.000,0.283,0.0,0.1,16.17,0.007,0.000,779,775,759,768
3.280,find_hover,0.000,0.045,0.024,0.000,0.000,0.285,0.0,0.1,16.17,0.004,0.000,779,775,759,768
3.300,find_hover,0.000,0.045,0.025,0.000,0.000,0.288,0.0,0.1,16.17,0.004,0.000,779,775,759,768
3.320,find_hover,0.000,0.044,0.026,0.000,0.000,0.290,0.0,0.1,16.17,-0.009,0.000,805,803,786,795
3.340,find_hover,0.000,0.044,0.026,0.000,0.000,0.292,0.0,0.1,16.17,-0.007,0.000,805,803,786,795
3.360,find_hover,0.000,0.044,0.027,0.000,0.000,0.295,0.0,0.1,16.17,-0.007,0.000,805,803,786,795
3.380,find_hover,0.000,0.047,0.027,0.000,0.000,0.297,0.0,0.1,16.17,0.023,0.000,805,803,786,795
3.400,find_hover,0.000,0.047,0.028,0.000,0.000,0.300,0.0,0.1,16.17,0.023,0.000,805,803,786,795
3.420,find_hover,0.000,0.048,0.029,0.000,0.000,0.302,0.0,0.1,16.17,0.022,0.000,832,829,813,822
3.440,find_hover,0.000,0.048,0.029,0.000,0.000,0.304,0.0,0.1,16.17,0.014,0.000,832,829,813,822
3.460,find_hover,0.000,0.048,0.029,0.000,0.000,0.307,0.0,0.1,16.17,0.014,0.000,832,829,813,822
3.480,find_hover,0.000,0.047,0.029,0.000,0.000,0.309,0.0,0.1,16.17,0.006,0.000,832,829,813,822
3.500,find_hover,0.000,0.047,0.029,0.000,0.000,0.312,0.0,0.1,16.17,0.003,0.000,832,829,813,822
3.520,find_hover,0.000,0.047,0.028,0.000,0.000,0.314,0.0,0.1,16.17,0.003,0.000,859,855,840,850
3.540,find_hover,0.000,0.043,0.028,0.000,0.000,0.316,0.0,0.1,16.17,-0.039,0.000,859,855,840,850
3.560,find_hover,0.000,0.043,0.028,0.000,0.000,0.319,0.0,0.1,16.17,-0.039,0.000,859,855,840,850
3.580,find_hover,0.000,0.052,0.028,0.000,0.000,0.321,0.0,0.1,16.17,0.054,0.000,859,855,840,850
3.600,find_hover,0.000,0.047,0.028,0.000,0.000,0.324,0.0,0.1,16.17,-0.020,0.000,859,855,840,850
3.620,find_hover,0.000,0.047,0.027,0.000,0.000,0.326,0.0,0.1,16.17,-0.020,0.000,885,882,867,878
3.640,find_hover,0.000,0.043,0.027,0.000,0.000,0.328,0.0,0.1,16.17,-0.040,0.000,885,882,867,878
3.660,find_hover,0.000,0.043,0.027,0.000,0.000,0.331,0.0,0.1,16.17,-0.040,0.000,885,882,867,878
3.680,find_hover,0.000,0.041,0.027,0.000,0.000,0.333,0.0,0.1,16.17,-0.046,0.000,885,882,867,878
3.700,find_hover,0.000,0.046,0.026,0.000,0.000,0.336,0.0,0.1,16.17,0.009,0.000,885,882,867,878
3.720,find_hover,0.000,0.046,0.026,0.000,0.000,0.338,0.0,0.1,16.17,0.009,0.000,912,909,894,905
3.740,find_hover,0.000,0.045,0.026,0.000,0.000,0.340,0.0,0.1,16.17,-0.002,0.000,912,909,894,905
3.760,find_hover,0.000,0.045,0.024,0.000,0.000,0.343,0.0,0.1,16.17,-0.002,0.000,912,909,894,905
3.780,find_hover,0.000,0.046,0.024,0.000,0.000,0.345,0.0,0.1,16.17,0.010,0.000,912,909,894,905
3.800,find_hover,0.000,0.042,0.023,0.000,0.000,0.348,0.0,0.1,16.17,-0.029,0.000,912,909,894,905
3.820,find_hover,0.000,0.042,0.023,0.000,0.000,0.350,0.0,0.1,16.17,-0.029,0.000,939,936,921,933
3.840,find_hover,0.000,0.041,0.023,0.000,0.000,0.352,0.0,0.1,16.17,-0.030,0.000,939,936,921,933
3.860,find_hover,0.000,0.041,0.022,0.000,0.000,0.355,0.0,0.1,16.17,-0.022,0.000,939,936,921,933
3.880,find_hover,0.000,0.041,0.022,0.000,0.000,0.357,0.0,0.1,16.17,-0.022,0.000,939,936,921,933
3.900,find_hover,0.000,0.045,0.021,0.000,0.000,0.360,0.0,0.1,16.17,0.010,0.000,939,936,921,933
3.920,find_hover,0.000,0.045,0.021,0.000,0.000,0.362,0.0,0.1,16.17,0.010,0.000,966,963,947,960
3.940,find_hover,0.000,0.040,0.021,0.000,0.000,0.364,0.0,0.1,16.17,-0.041,0.000,966,963,947,960
3.960,find_hover,0.000,0.040,0.020,0.000,0.000,0.367,0.0,0.1,16.17,-0.041,0.000,966,963,947,960
3.980,find_hover,0.000,0.043,0.020,0.000,0.000,0.369,0.0,0.1,16.17,-0.006,0.000,966,963,947,960
4.000,find_hover,0.000,0.042,0.021,0.000,0.000,0.372,0.0,0.1,16.17,-0.008,0.000,966,963,947,960
4.020,find_hover,0.000,0.042,0.022,0.000,0.000,0.374,0.0,0.1,16.17,-0.008,0.000,994,990,973,987
4.040,find_hover,0.000,0.040,0.022,0.000,0.000,0.376,0.0,0.1,16.17,-0.024,0.000,994,990,973,987
4.060,find_hover,0.000,0.040,0.023,0.000,0.000,0.379,0.0,0.1,16.17,-0.024,0.000,994,990,973,987
4.080,find_hover,0.000,0.041,0.023,0.000,0.000,0.381,0.0,0.1,16.17,-0.010,0.000,994,990,973,987
4.100,find_hover,0.000,0.041,0.023,0.000,0.000,0.384,0.0,0.1,16.17,-0.003,0.000,994,990,973,987
4.120,find_hover,0.000,0.041,0.024,0.000,0.000,0.386,0.0,0.1,16.17,-0.003,0.000,1021,1018,999,1014
4.140,find_hover,0.000,0.045,0.024,0.000,0.000,0.388,0.0,0.1,16.17,0.036,0.000,1021,1018,999,1014
4.160,find_hover,0.000,0.045,0.024,0.000,0.000,0.391,0.0,0.1,16.17,0.036,0.000,1021,1018,999,1014
4.180,find_hover,0.000,0.045,0.024,0.000,0.000,0.393,0.0,0.1,16.17,0.023,0.000,1021,1018,999,1014
4.200,find_hover,0.000,0.046,0.025,0.000,0.000,0.396,0.0,0.1,16.17,0.021,0.000,1021,1018,999,1014
4.220,find_hover,0.000,0.046,0.025,0.000,0.000,0.398,0.0,0.1,16.17,0.021,0.000,1049,1046,1024,1041
4.240,find_hover,0.000,0.043,0.025,0.000,0.000,0.400,0.0,0.1,16.17,-0.008,0.000,1049,1046,1024,1041
4.260,find_hover,0.000,0.046,0.026,0.000,0.000,0.403,0.0,0.1,16.17,0.029,0.000,1049,1046,1024,1041
4.280,find_hover,0.000,0.046,0.026,0.000,0.000,0.405,0.0,0.1,16.17,0.029,0.000,1049,1046,1024,1041
4.300,find_hover,0.000,0.046,0.028,0.000,0.000,0.408,0.0,0.1,16.17,0.019,0.000,1049,1046,1024,1041
4.320,find_hover,0.000,0.046,0.029,0.000,0.000,0.410,0.0,0.1,16.11,0.019,0.000,1077,1074,1050,1068
4.340,find_hover,0.000,0.041,0.029,0.000,0.000,0.412,0.0,0.1,16.11,-0.037,0.000,1077,1074,1050,1068
4.360,find_hover,0.000,0.048,0.030,0.000,0.000,0.415,0.0,0.1,16.11,0.039,0.000,1077,1074,1050,1068
4.380,find_hover,0.000,0.048,0.030,0.000,0.000,0.417,0.0,0.1,16.11,0.039,0.000,1077,1074,1050,1068
4.400,find_hover,0.000,0.045,0.031,0.000,0.000,0.420,0.0,0.1,16.11,0.006,0.000,1077,1074,1050,1068
4.420,find_hover,0.000,0.045,0.032,0.000,0.000,0.422,0.0,0.1,16.11,0.006,0.000,1104,1102,1076,1095
4.440,find_hover,0.000,0.043,0.032,0.000,0.000,0.424,0.0,0.1,16.11,-0.018,0.000,1104,1102,1076,1095
4.460,find_hover,0.000,0.044,0.032,0.000,0.000,0.427,0.0,0.1,16.11,0.000,0.000,1104,1102,1076,1095
4.480,find_hover,0.000,0.044,0.032,0.000,0.000,0.429,0.0,0.1,16.11,0.000,0.000,1104,1102,1076,1095
4.500,find_hover,0.000,0.048,0.033,0.000,0.000,0.432,0.0,0.1,16.11,0.036,0.000,1104,1102,1076,1095
4.520,find_hover,0.000,0.041,0.034,0.000,0.000,0.434,0.0,0.1,16.11,-0.040,0.000,1131,1129,1103,1122
4.540,find_hover,0.000,0.041,0.034,0.000,0.000,0.436,0.0,0.1,16.11,-0.040,0.000,1131,1129,1103,1122
4.560,find_hover,0.000,0.041,0.034,0.000,0.000,0.439,0.0,0.1,16.11,-0.029,0.000,1131,1129,1103,1122
4.580,find_hover,0.000,0.041,0.034,0.000,0.000,0.441,0.0,0.1,16.11,-0.029,0.000,1131,1129,1103,1122
4.600,find_hover,0.000,0.047,0.035,0.000,0.000,0.444,0.0,0.1,16.11,0.032,0.000,1131,1129,1103,1122
4.620,find_hover,0.000,0.047,0.035,0.000,0.000,0.446,0.0,0.1,16.11,0.032,0.000,1158,1156,1129,1149
4.640,find_hover,0.000,0.042,0.035,0.000,0.000,0.448,0.0,0.1,16.11,-0.020,0.000,1158,1156,1129,1149
4.660,find_hover,0.000,0.042,0.035,0.000,0.000,0.451,0.0,0.1,16.11,-0.008,0.000,1158,1156,1129,1149
4.680,find_hover,0.000,0.042,0.035,0.000,0.000,0.453,0.0,0.1,16.11,-0.008,0.000,1158,1156,1129,1149
4.700,find_hover,0.000,0.046,0.034,0.000,0.000,0.456,0.0,0.1,16.11,0.023,0.000,1158,1156,1129,1149
4.720,find_hover,0.000,0.040,0.034,0.000,0.000,0.458,0.0,0.1,16.11,-0.045,0.000,1185,1183,1156,1176
4.740,find_hover,0.000,0.040,0.034,0.000,0.000,0.460,0.0,0.1,16.11,-0.045,0.000,1185,1183,1156,1176
4.760,find_hover,0.000,0.045,0.034,0.000,0.000,0.463,0.0,0.1,16.11,0.019,0.000,1185,1183,1156,1176
4.780,find_hover,0.000,0.045,0.034,0.000,0.000,0.465,0.0,0.1,16.11,0.019,0.000,1185,1183,1156,1176
4.800,find_hover,0.000,0.046,0.034,0.000,0.000,0.468,0.0,0.1,16.11,0.017,0.000,1185,1183,1156,1176
4.820,find_hover,0.000,0.046,0.033,0.000,0.000,0.470,0.0,0.1,16.11,0.017,0.000,1212,1210,1182,1204
4.840,find_hover,0.000,0.044,0.033,0.000,0.000,0.472,0.0,0.1,16.11,0.001,0.000,1212,1210,1182,1204
4.860,find_hover,0.000,0.042,0.033,0.000,0.000,0.475,0.0,0.1,16.11,-0.023,0.000,1212,1210,1182,1204
4.880,find_hover,0.000,0.042,0.033,0.000,0.000,0.477,0.0,0.1,16.11,-0.023,0.000,1212,1210,1182,1204
4.900,find_hover,0.000,0.040,0.033,0.000,0.000,0.480,0.0,0.1,16.11,-0.034,0.000,1212,1210,1182,1204
4.920,find_hover,0.000,0.047,0.034,0.000,0.000,0.482,0.0,0.1,16.11,0.036,0.000,1239,1237,1209,1231
4.940,find_hover,0.000,0.047,0.034,0.000,0.000,0.484,0.0,0.1,16.11,0.036,0.000,1239,1237,1209,1231
4.960,find_hover,0.000,0.044,0.034,0.000,0.000,0.487,0.0,0.1,16.11,0.001,0.000,1239,1237,1209,1231
4.980,find_hover,0.000,0.044,0.034,0.000,0.000,0.489,0.0,0.1,16.11,0.001,0.000,1239,1237,1209,1231
5.000,find_hover,0.000,0.047,0.034,0.000,0.000,0.492,0.0,0.1,16.11,0.032,0.000,1239,1237,1209,1231
5.020,find_hover,0.000,0.049,0.035,0.000,0.000,0.494,0.0,0.1,16.11,0.040,0.000,1266,1264,1236,1258
5.040,find_hover,0.000,0.049,0.035,0.000,0.000,0.496,0.0,0.1,16.11,0.040,0.000,1266,1264,1236,1258
5.060,find_hover,0.000,0.042,0.035,0.000,0.000,0.499,0.0,0.1,16.11,-0.039,0.000,1266,1264,1236,1258
5.080,find_hover,0.000,0.042,0.035,0.000,0.000,0.501,0.0,0.1,16.11,-0.039,0.000,1266,1264,1236,1258
5.100,find_hover,0.000,0.042,0.036,0.000,0.000,0.504,0.0,0.1,16.11,-0.030,0.000,1266,1264,1236,1258
5.120,find_hover,0.000,0.043,0.036,0.000,0.000,0.506,0.0,0.1,16.11,-0.012,0.000,1293,1291,1263,1285
5.140,find_hover,0.000,0.043,0.036,0.000,0.000,0.508,0.0,0.1,16.11,-0.012,0.000,1293,1291,1263,1285
5.160,find_hover,0.000,0.045,0.037,0.000,0.000,0.511,0.0,0.1,16.11,0.019,0.000,1293,1291,1263,1285
5.180,find_hover,0.000,0.045,0.037,0.000,0.000,0.513,0.0,0.1,16.11,0.019,0.000,1293,1291,1263,1285
5.200,find_hover,0.000,0.045,0.037,0.000,0.000,0.516,0.0,0.1,16.11,0.008,0.000,1293,1291,1263,1285
5.220,find_hover,0.000,0.049,0.038,0.000,0.000,0.518,0.0,0.1,16.11,0.043,0.000,1320,1318,1289,1313
5.240,find_hover,0.000,0.049,0.038,0.000,0.000,0.520,0.0,0.1,16.11,0.043,0.000,1320,1318,1289,1313
5.260,find_hover,0.000,0.047,0.039,0.000,0.000,0.523,0.0,0.1,16.11,0.006,0.000,1320,1318,1289,1313
5.280,find_hover,0.000,0.045,0.039,0.000,0.000,0.525,0.0,0.1,16.11,-0.006,0.000,1320,1318,1289,1313
5.300,find_hover,0.000,0.045,0.039,0.000,0.000,0.528,0.0,0.1,16.11,-0.006,0.000,1320,1318,1289,1313
5.320,find_hover,0.000,0.043,0.040,0.000,0.000,0.530,0.0,0.1,16.11,-0.026,0.000,1346,1346,1320,1337
5.340,find_hover,0.000,0.043,0.040,0.000,0.000,0.532,0.0,0.1,16.11,-0.026,0.000,1346,1346,1320,1337
5.360,find_hover,0.000,0.042,0.044,0.000,0.000,0.535,0.0,0.1,16.11,-0.029,0.000,1346,1346,1320,1337
5.380,find_hover,0.000,0.042,0.044,0.000,0.000,0.537,-0.0,0.1,16.11,-0.029,0.000,1346,1346,1320,1337
5.400,find_hover,0.000,0.042,0.051,0.000,0.000,0.540,-0.0,0.2,16.11,-0.020,0.000,1346,1346,1320,1337
5.420,find_hover,0.000,0.040,0.062,0.000,0.000,0.542,-0.1,0.2,16.11,-0.032,0.000,1365,1368,1365,1358
5.440,find_hover,0.000,0.040,0.062,0.000,0.000,0.544,-0.1,0.2,16.11,-0.032,0.000,1365,1368,1365,1358
5.460,find_hover,0.000,0.052,0.077,0.000,0.000,0.547,-0.1,0.2,16.11,0.096,0.000,1365,1368,1365,1358
5.480,find_hover,0.000,0.052,0.077,0.000,0.000,0.549,-0.1,0.2,16.11,0.096,0.000,1365,1368,1365,1358
5.500,find_hover,0.000,0.045,0.096,0.000,0.000,0.552,-0.1,0.2,16.11,0.006,0.000,1365,1368,1365,1358
5.520,find_hover,0.000,0.050,0.120,0.000,0.000,0.554,-0.1,0.3,16.11,0.054,0.000,1390,1391,1392,1391
5.540,find_hover,0.000,0.050,0.120,0.000,0.000,0.556,-0.1,0.3,16.11,0.054,0.000,1390,1391,1392,1391
5.560,find_hover,0.000,0.057,0.155,0.000,0.000,0.559,-0.1,0.3,16.11,0.107,0.000,1390,1391,1392,1391
5.580,find_hover,0.000,0.051,0.155,0.000,0.000,0.561,-0.1,0.3,16.11,0.019,0.000,1390,1391,1392,1391
5.600,find_hover,0.000,0.051,0.188,0.000,0.000,0.564,-0.1,0.3,16.11,0.019,0.000,1390,1391,1392,1391
5.620,find_hover,0.000,0.062,0.225,0.000,0.000,0.566,-0.1,0.3,16.11,0.114,0.000,1417,1416,1419,1420
5.640,find_hover,0.000,0.062,0.225,0.000,0.000,0.568,-0.2,0.3,16.11,0.114,0.000,1417,1416,1419,1420
5.660,find_hover,0.000,0.068,0.267,0.000,0.000,0.571,-0.2,0.3,16.11,0.130,0.000,1417,1416,1419,1420
5.680,find_hover,0.000,0.076,0.267,0.000,0.000,0.573,-0.2,0.3,16.11,0.169,0.000,1417,1416,1419,1420
5.700,find_hover,0.000,0.076,0.312,0.000,0.000,0.576,-0.1,0.3,16.11,0.169,0.000,1417,1416,1419,1420
5.720,find_hover,0.000,0.082,0.363,0.000,0.000,0.578,-0.1,0.3,16.11,0.176,0.000,1444,1444,1447,1446
5.740,find_hover,0.000,0.082,0.363,0.000,0.000,0.580,-0.1,0.3,16.11,0.176,0.000,1444,1444,1447,1446
5.760,find_hover,0.000,0.096,0.432,0.000,0.000,0.583,-0.1,0.3,16.11,0.242,0.000,1444,1444,1447,1446
5.780,find_hover,0.000,0.110,0.432,0.000,0.000,0.585,-0.1,0.3,16.11,0.291,0.000,1444,1444,1447,1446
5.800,find_hover,0.000,0.110,0.493,0.000,0.000,0.588,-0.1,0.3,16.11,0.291,0.000,1444,1444,1447,1446
5.820,takeoff,0.126,0.126,0.558,0.000,0.000,0.590,-0.1,0.3,16.11,0.356,0.000,1471,1472,1473,1472
5.840,takeoff,0.132,0.143,0.558,-0.011,0.000,0.570,-0.1,0.2,16.11,0.414,0.000,1471,1472,1473,1472
5.860,takeoff,0.138,0.143,0.627,-0.005,0.000,0.557,-0.1,0.2,16.11,0.414,0.000,1471,1472,1473,1472
5.880,takeoff,0.144,0.167,0.627,-0.024,0.000,0.544,-0.1,0.2,16.11,0.498,0.000,1471,1472,1473,1472
5.900,takeoff,0.150,0.167,0.707,-0.018,0.000,0.546,-0.1,0.2,16.11,0.498,0.000,1471,1472,1473,1472
5.920,takeoff,0.156,0.187,0.740,-0.031,0.000,0.540,-0.1,0.2,16.11,0.521,0.000,1379,1377,1379,1378
5.940,takeoff,0.162,0.213,0.740,-0.051,0.000,0.525,-0.1,0.2,16.11,0.619,0.000,1379,1377,1379,1378
5.960,takeoff,0.168,0.213,0.775,-0.045,0.000,0.527,-0.1,0.1,16.11,0.619,0.000,1379,1377,1379,1378
5.980,takeoff,0.174,0.236,0.775,-0.062,0.000,0.521,-0.1,0.1,16.11,0.639,0.000,1379,1377,1379,1378
6.000,takeoff,0.180,0.236,0.789,-0.056,0.000,0.522,-0.1,0.1,16.11,0.639,0.000,1379,1377,1379,1378
6.020,takeoff,0.186,0.263,0.793,-0.077,0.000,0.513,-0.1,0.1,16.11,0.676,0.000,1325,1325,1324,1325
6.040,takeoff,0.192,0.289,0.793,-0.097,0.000,0.504,-0.1,0.1,16.11,0.720,0.000,1325,1325,1324,1325
6.060,takeoff,0.198,0.289,0.789,-0.091,0.000,0.505,-0.1,0.1,16.11,0.720,0.000,1325,1325,1324,1325
6.080,takeoff,0.204,0.310,0.789,-0.107,0.000,0.502,-0.1,0.1,16.11,0.709,0.000,1325,1325,1324,1325
6.100,takeoff,0.210,0.310,0.779,-0.101,0.000,0.504,-0.1,0.1,16.11,0.709,0.000,1325,1325,1324,1325
6.120,takeoff,0.216,0.328,0.756,-0.112,0.000,0.507,-0.1,0.1,16.11,0.651,0.000,1284,1284,1283,1283
6.140,takeoff,0.222,0.359,0.756,-0.137,0.000,0.493,-0.1,0.1,16.11,0.728,0.000,1284,1284,1283,1283
6.160,takeoff,0.228,0.359,0.736,-0.131,0.000,0.494,-0.1,0.1,16.11,0.728,0.000,1284,1284,1283,1283
6.180,takeoff,0.234,0.374,0.736,-0.141,0.000,0.500,-0.1,0.1,16.11,0.651,0.000,1284,1284,1283,1283
6.200,takeoff,0.240,0.374,0.711,-0.135,0.000,0.501,-0.1,0.1,16.11,0.651,0.000,1284,1284,1283,1283
6.220,takeoff,0.246,0.399,0.683,-0.153,0.000,0.494,-0.1,0.1,16.11,0.680,0.000,1278,1278,1277,1277
6.240,takeoff,0.252,0.416,0.683,-0.164,0.000,0.495,-0.1,0.1,16.11,0.644,0.000,1278,1278,1277,1277
6.260,takeoff,0.258,0.416,0.658,-0.158,0.000,0.496,-0.1,0.1,16.11,0.644,0.000,1278,1278,1277,1277
6.280,takeoff,0.264,0.447,0.658,-0.184,0.000,0.483,-0.1,0.1,16.11,0.712,0.000,1278,1278,1277,1277
6.300,takeoff,0.270,0.447,0.630,-0.178,0.000,0.484,-0.1,0.1,16.11,0.712,0.000,1278,1278,1277,1277
6.320,takeoff,0.276,0.459,0.589,-0.184,0.000,0.493,-0.1,0.0,16.05,0.608,0.000,1239,1240,1240,1240
6.340,takeoff,0.282,0.474,0.589,-0.192,0.000,0.495,-0.1,0.0,16.05,0.569,0.000,1239,1240,1240,1240
6.360,takeoff,0.288,0.474,0.552,-0.186,0.000,0.497,-0.1,0.0,16.05,0.569,0.000,1239,1240,1240,1240
6.380,takeoff,0.294,0.491,0.552,-0.197,0.000,0.495,-0.1,0.0,16.05,0.552,0.000,1239,1240,1240,1240
6.400,takeoff,0.300,0.491,0.521,-0.191,0.000,0.497,-0.1,0.0,16.05,0.552,0.000,1239,1240,1240,1240
6.420,takeoff,0.306,0.507,0.492,-0.201,0.000,0.498,-0.1,0.0,16.05,0.516,0.000,1267,1268,1269,1269
6.440,takeoff,0.312,0.524,0.492,-0.212,0.000,0.494,-0.1,0.0,16.05,0.529,0.000,1267,1268,1269,1269
6.460,takeoff,0.317,0.524,0.457,-0.207,0.000,0.495,-0.1,0.0,16.05,0.529,0.000,1267,1268,1269,1269
6.480,takeoff,0.323,0.530,0.457,-0.207,0.000,0.504,-0.1,0.0,16.05,0.427,0.000,1267,1268,1269,1269
6.500,takeoff,0.329,0.553,0.428,-0.225,0.000,0.489,-0.1,0.0,16.05,0.524,0.000,1267,1268,1269,1269
6.520,takeoff,0.334,0.553,0.401,-0.219,0.000,0.489,-0.1,0.0,16.05,0.524,0.000,1249,1250,1251,1251
6.540,takeoff,0.339,0.562,0.401,-0.222,0.000,0.497,-0.1,0.0,16.05,0.432,0.000,1249,1250,1251,1251
6.560,takeoff,0.344,0.562,0.372,-0.217,0.000,0.497,-0.0,0.0,16.05,0.432,0.000,1249,1250,1251,1251
6.580,takeoff,0.349,0.571,0.372,-0.222,0.000,0.498,-0.0,0.0,16.05,0.397,0.000,1249,1250,1251,1251
6.600,takeoff,0.353,0.574,0.341,-0.221,0.000,0.507,-0.0,0.0,16.05,0.309,0.000,1249,1250,1251,1251
6.620,takeoff,0.358,0.574,0.312,-0.217,0.000,0.507,-0.0,0.0,16.05,0.309,0.000,1289,1289,1290,1291
6.640,takeoff,0.362,0.584,0.312,-0.222,0.000,0.505,-0.0,0.0,16.05,0.304,0.000,1289,1289,1290,1291
6.660,takeoff,0.366,0.584,0.285,-0.218,0.000,0.505,-0.0,0.0,16.05,0.304,0.000,1289,1289,1290,1291
6.680,takeoff,0.369,0.595,0.285,-0.226,0.000,0.501,-0.0,0.0,16.05,0.313,0.000,1289,1289,1290,1291
6.700,takeoff,0.373,0.596,0.270,-0.223,0.000,0.509,-0.0,0.0,16.05,0.228,0.000,1289,1289,1290,1291
6.720,takeoff,0.376,0.596,0.243,-0.220,0.000,0.509,-0.0,0.0,16.05,0.228,0.000,1295,1296,1294,1295
6.740,takeoff,0.379,0.603,0.243,-0.224,0.000,0.507,-0.0,0.0,16.05,0.226,0.000,1295,1296,1294,1295
6.760,takeoff,0.382,0.603,0.225,-0.221,0.000,0.507,-0.0,0.0,16.05,0.226,0.000,1295,1296,1294,1295
6.780,takeoff,0.385,0.609,0.225,-0.224,0.000,0.507,-0.0,0.0,16.05,0.206,0.000,1295,1296,1294,1295
6.800,takeoff,0.387,0.609,0.208,-0.221,0.000,0.506,-0.0,0.0,16.05,0.206,0.000,1295,1296,1294,1295
6.820,takeoff,0.390,0.611,0.190,-0.221,0.000,0.510,-0.0,0.0,16.05,0.160,0.000,1290,1290,1289,1289
6.840,takeoff,0.392,0.618,0.190,-0.226,0.000,0.505,-0.0,0.0,16.05,0.182,0.000,1290,1290,1289,1289
6.860,takeoff,0.393,0.618,0.172,-0.225,0.000,0.505,-0.0,0.0,16.05,0.182,0.000,1290,1290,1289,1289
6.880,takeoff,0.395,0.625,0.172,-0.230,0.000,0.501,-0.0,0.0,16.05,0.195,0.000,1290,1290,1289,1289
6.900,takeoff,0.396,0.622,0.155,-0.226,0.000,0.509,-0.0,0.0,16.05,0.111,0.000,1290,1290,1289,1289
6.920,takeoff,0.400,0.622,0.135,-0.222,0.000,0.503,-0.0,0.0,16.05,0.111,0.000,1297,1297,1296,1296
6.940,takeoff,0.400,0.624,0.135,-0.224,0.000,0.504,-0.0,0.0,16.05,0.098,0.000,1297,1297,1296,1296
6.960,takeoff,0.400,0.624,0.113,-0.224,0.000,0.504,-0.0,0.0,16.05,0.098,0.000,1297,1297,1296,1296
6.980,takeoff,0.400,0.629,0.113,-0.229,0.000,0.502,-0.0,0.0,16.05,0.112,0.000,1297,1297,1296,1296
7.000,takeoff,0.400,0.629,0.092,-0.229,0.000,0.505,-0.0,0.0,16.05,0.078,0.000,1297,1297,1296,1296
7.020,takeoff,0.400,0.629,0.071,-0.229,0.000,0.505,-0.0,0.0,16.05,0.078,0.000,1286,1286,1286,1286
7.040,takeoff,0.400,0.626,0.071,-0.226,0.000,0.510,-0.0,0.0,16.05,0.032,0.000,1286,1286,1286,1286
7.060,takeoff,0.400,0.626,0.044,-0.226,0.000,0.510,-0.0,0.0,16.05,0.032,0.000,1286,1286,1286,1286
7.080,takeoff,0.400,0.625,0.044,-0.225,0.000,0.513,-0.0,0.0,16.05,0.008,0.000,1286,1286,1286,1286
7.100,takeoff,0.400,0.626,0.031,-0.226,0.000,0.511,-0.0,0.0,16.05,0.023,0.000,1286,1286,1286,1286
7.120,takeoff,0.400,0.626,0.015,-0.226,0.000,0.511,-0.0,0.0,16.05,0.023,0.000,1300,1300,1300,1300
7.140,takeoff,0.400,0.624,0.015,-0.224,0.000,0.515,-0.0,0.0,16.05,-0.012,0.000,1300,1300,1300,1300
7.160,takeoff,0.400,0.624,-0.003,-0.224,0.000,0.515,-0.0,0.0,16.05,-0.012,0.000,1300,1300,1300,1300
7.180,takeoff,0.400,0.627,-0.003,-0.227,0.000,0.511,-0.0,0.0,16.05,0.023,0.000,1300,1300,1300,1300
7.200,takeoff,0.400,0.618,-0.015,-0.218,0.000,0.522,-0.0,0.0,16.05,-0.063,0.000,1300,1300,1300,1300
7.220,takeoff,0.400,0.618,-0.027,-0.218,0.000,0.522,-0.0,0.0,16.05,-0.063,0.000,1324,1324,1324,1324
7.240,takeoff,0.400,0.613,-0.027,-0.213,0.000,0.526,-0.0,0.0,16.05,-0.090,0.000,1324,1324,1324,1324
7.260,takeoff,0.400,0.613,-0.034,-0.213,0.000,0.526,-0.0,0.0,16.05,-0.090,0.000,1324,1324,1324,1324
7.280,takeoff,0.400,0.611,-0.034,-0.211,0.000,0.526,-0.0,0.0,16.05,-0.085,0.000,1324,1324,1324,1324
7.300,takeoff,0.400,0.611,-0.036,-0.211,0.000,0.523,-0.0,0.0,16.05,-0.055,0.000,1324,1324,1324,1324
7.320,takeoff,0.400,0.611,-0.035,-0.211,0.000,0.523,-0.0,0.0,16.05,-0.055,0.000,1327,1326,1326,1326
7.340,takeoff,0.400,0.602,-0.035,-0.202,0.000,0.531,-0.0,0.0,16.05,-0.112,0.000,1327,1326,1326,1326
7.360,takeoff,0.400,0.607,-0.036,-0.207,0.000,0.522,-0.0,0.0,16.05,-0.039,0.000,1327,1326,1326,1326
7.380,takeoff,0.400,0.607,-0.036,-0.207,0.000,0.522,-0.0,0.0,16.05,-0.039,0.000,1327,1326,1326,1326
7.400,takeoff,0.400,0.596,-0.033,-0.196,0.000,0.534,-0.0,0.0,16.05,-0.130,0.000,1327,1326,1326,1326
7.420,takeoff,0.400,0.596,-0.032,-0.196,0.000,0.534,-0.0,0.0,16.05,-0.130,0.000,1352,1352,1352,1351
7.440,takeoff,0.400,0.596,-0.032,-0.196,0.000,0.530,-0.0,0.0,16.05,-0.089,0.000,1352,1352,1352,1351
7.460,takeoff,0.400,0.593,-0.026,-0.193,0.000,0.531,-0.0,0.0,16.05,-0.089,0.000,1352,1352,1352,1351
7.480,takeoff,0.400,0.593,-0.026,-0.193,0.000,0.531,-0.0,0.0,16.05,-0.089,0.000,1352,1352,1352,1351
7.500,takeoff,0.400,0.588,-0.019,-0.188,0.000,0.533,-0.0,0.0,16.05,-0.103,0.000,1352,1352,1352,1351
7.520,takeoff,0.400,0.588,-0.012,-0.188,0.000,0.533,-0.0,0.0,16.05,-0.103,0.000,1350,1350,1350,1350
7.540,takeoff,0.400,0.584,-0.012,-0.184,0.000,0.534,-0.0,0.0,16.05,-0.106,0.000,1350,1350,1350,1350
7.560,takeoff,0.400,0.581,-0.002,-0.181,0.000,0.536,-0.0,0.0,16.05,-0.108,0.000,1350,1350,1350,1350
7.580,takeoff,0.400,0.581,-0.002,-0.181,0.000,0.536,-0.0,0.0,16.05,-0.108,0.000,1350,1350,1350,1350
7.600,takeoff,0.400,0.581,0.007,-0.181,0.000,0.532,-0.0,0.0,16.05,-0.073,0.000,1350,1350,1350,1350
7.620,takeoff,0.400,0.581,0.019,-0.181,0.000,0.532,-0.0,0.0,16.05,-0.073,0.000,1347,1347,1347,1347
7.640,takeoff,0.400,0.577,0.019,-0.177,0.000,0.536,-0.0,0.0,16.05,-0.101,0.000,1347,1347,1347,1347
7.660,takeoff,0.400,0.574,0.028,-0.174,0.000,0.536,-0.0,0.0,16.05,-0.095,0.000,1347,1347,1347,1347
7.680,takeoff,0.400,0.574,0.028,-0.174,0.000,0.536,-0.0,0.0,16.05,-0.095,0.000,1347,1347,1347,1347
7.700,takeoff,0.400,0.581,0.038,-0.181,0.000,0.525,-0.0,0.0,16.05,-0.003,0.000,1347,1347,1347,1347
7.720,takeoff,0.400,0.581,0.053,-0.181,0.000,0.525,-0.0,0.0,16.05,-0.003,0.000,1331,1331,1331,1332
7.740,takeoff,0.400,0.577,0.053,-0.177,0.000,0.529,-0.0,0.0,16.05,-0.037,0.000,1331,1331,1331,1332
7.760,takeoff,0.400,0.576,0.059,-0.176,0.000,0.530,-0.0,0.0,16.05,-0.038,0.000,1331,1331,1331,1332
7.780,takeoff,0.400,0.576,0.059,-0.176,0.000,0.530,-0.0,0.0,16.05,-0.038,0.000,1331,1331,1331,1332
7.800,takeoff,0.400,0.575,0.063,-0.175,0.000,0.529,-0.0,0.0,16.05,-0.032,0.000,1331,1331,1331,1332
7.820,takeoff,0.400,0.575,0.069,-0.175,0.000,0.529,-0.0,0.0,16.05,-0.032,0.000,1341,1341,1341,1341
7.840,takeoff,0.400,0.580,0.069,-0.180,0.000,0.523,-0.0,0.0,16.05,0.022,0.000,1341,1341,1341,1341
7.860,takeoff,0.400,0.575,0.074,-0.175,0.000,0.529,-0.0,0.0,16.05,-0.028,0.000,1341,1341,1341,1341
7.880,takeoff,0.400,0.575,0.074,-0.175,0.000,0.529,-0.0,0.0,16.05,-0.028,0.000,1341,1341,1341,1341
7.900,takeoff,0.400,0.577,0.077,-0.177,0.000,0.526,-0.0,0.0,16.05,-0.003,0.000,1341,1341,1341,1341
7.920,takeoff,0.400,0.579,0.080,-0.179,0.000,0.524,-0.0,0.0,16.05,0.016,0.000,1333,1334,1333,1334
7.940,takeoff,0.400,0.579,0.080,-0.179,0.000,0.524,-0.0,0.0,16.05,0.016,0.000,1333,1334,1333,1334
7.960,takeoff,0.400,0.578,0.084,-0.178,0.000,0.525,-0.0,0.0,16.05,0.001,0.000,1333,1334,1333,1334
7.980,takeoff,0.400,0.578,0.084,-0.178,0.000,0.525,-0.0,0.0,16.05,0.001,0.000,1333,1334,1333,1334
8.000,takeoff,0.400,0.574,0.085,-0.174,0.000,0.529,-0.0,0.0,16.05,-0.028,0.000,1333,1334,1333,1334
8.020,takeoff,0.400,0.574,0.086,-0.174,0.000,0.529,-0.0,0.0,16.05,-0.028,0.000,1340,1341,1341,1341
8.040,takeoff,0.400,0.584,0.086,-0.184,0.000,0.518,-0.0,-0.0,16.05,0.058,0.000,1340,1341,1341,1341
8.060,takeoff,0.400,0.574,0.091,-0.174,0.000,0.532,-0.0,-0.0,16.05,-0.052,0.000,1340,1341,1341,1341
8.080,takeoff,0.400,0.574,0.091,-0.174,0.000,0.532,-0.0,-0.0,16.05,-0.052,0.000,1340,1341,1341,1341
8.100,takeoff,0.400,0.581,0.092,-0.181,0.000,0.522,-0.0,-0.0,16.05,0.028,0.000,1340,1341,1341,1341
8.120,takeoff,0.400,0.581,0.097,-0.181,0.000,0.522,-0.0,-0.0,16.05,0.028,0.000,1324,1324,1324,1325
8.140,takeoff,0.400,0.576,0.097,-0.176,0.000,0.528,-0.0,-0.0,16.05,-0.019,0.000,1324,1324,1324,1325
8.160,takeoff,0.400,0.581,0.100,-0.181,0.000,0.523,-0.0,-0.0,16.05,0.022,0.000,1324,1324,1324,1325
8.180,takeoff,0.400,0.581,0.100,-0.181,0.000,0.523,-0.0,-0.0,16.05,0.022,0.000,1324,1324,1324,1325
8.200,takeoff,0.400,0.577,0.101,-0.177,0.000,0.528,-0.0,0.0,16.05,-0.023,0.000,1324,1324,1324,1325
8.220,takeoff,0.400,0.575,0.100,-0.175,0.000,0.530,-0.0,0.0,16.05,-0.035,0.000,1337,1338,1338,1338
8.240,takeoff,0.400,0.575,0.100,-0.175,0.000,0.530,-0.0,0.0,16.05,-0.035,0.000,1337,1338,1338,1338
8.260,takeoff,0.400,0.585,0.102,-0.185,0.000,0.518,-0.0,0.0,16.05,0.056,0.000,1337,1338,1338,1338
8.280,takeoff,0.400,0.585,0.102,-0.185,0.000,0.518,-0.0,0.0,16.05,0.056,0.000,1337,1338,1338,1338
8.300,takeoff,0.400,0.584,0.107,-0.184,0.000,0.521,-0.0,0.0,16.05,0.030,0.000,1337,1338,1338,1338
8.320,takeoff,0.400,0.580,0.105,-0.180,0.000,0.526,-0.0,0.0,15.99,-0.015,0.000,1322,1322,1323,1323
8.340,takeoff,0.400,0.580,0.105,-0.180,0.000,0.526,-0.0,-0.0,15.99,-0.015,0.000,1322,1322,1323,1323
8.360,takeoff,0.400,0.580,0.101,-0.180,0.000,0.526,-0.0,-0.0,15.99,-0.009,0.000,1322,1322,1323,1323
8.380,takeoff,0.400,0.580,0.101,-0.180,0.000,0.526,-0.0,-0.0,15.99,-0.009,0.000,1322,1322,1323,1323
8.400,takeoff,0.400,0.580,0.103,-0.180,0.000,0.525,-0.0,-0.0,15.99,-0.005,0.000,1322,1322,1323,1323
8.420,takeoff,0.400,0.584,0.104,-0.184,0.000,0.521,-0.0,-0.0,15.99,0.032,0.000,1332,1333,1332,1332
8.440,takeoff,0.400,0.584,0.104,-0.184,0.000,0.521,-0.0,-0.0,15.99,0.032,0.000,1332,1333,1332,1332
8.460,takeoff,0.400,0.583,0.104,-0.183,0.000,0.522,-0.0,-0.0,15.99,0.019,0.000,1332,1333,1332,1332
8.480,takeoff,0.400,0.583,0.104,-0.183,0.000,0.522,-0.0,-0.0,15.99,0.019,0.000,1332,1333,1332,1332
8.500,takeoff,0.400,0.588,0.102,-0.188,0.000,0.518,-0.0,-0.0,15.99,0.051,0.000,1332,1333,1332,1332
8.520,takeoff,0.400,0.587,0.099,-0.187,0.000,0.520,-0.0,-0.0,15.99,0.035,0.000,1316,1316,1315,1316
8.540,takeoff,0.400,0.587,0.099,-0.187,0.000,0.520,-0.0,-0.0,15.99,0.035,0.000,1316,1316,1315,1316
8.560,takeoff,0.400,0.583,0.094,-0.183,0.000,0.526,-0.0,-0.0,15.99,-0.019,0.000,1316,1316,1315,1316
8.580,takeoff,0.400,0.583,0.094,-0.183,0.000,0.526,-0.0,-0.0,15.99,-0.019,0.000,1316,1316,1315,1316
8.600,takeoff,0.400,0.581,0.089,-0.181,0.000,0.528,-0.0,-0.0,15.99,-0.031,0.000,1316,1316,1315,1316
8.620,takeoff,0.400,0.585,0.089,-0.185,0.000,0.522,-0.0,-0.0,15.99,0.014,0.000,1338,1338,1338,1338
8.640,takeoff,0.400,0.585,0.089,-0.185,0.000,0.522,-0.0,-0.0,15.99,0.014,0.000,1338,1338,1338,1338
8.660,takeoff,0.400,0.589,0.091,-0.189,0.000,0.518,-0.0,-0.0,15.99,0.048,0.000,1338,1338,1338,1338
8.680,takeoff,0.400,0.584,0.091,-0.184,0.000,0.525,-0.0,-0.0,15.99,-0.014,0.000,1338,1338,1338,1338
8.700,takeoff,0.400,0.584,0.091,-0.184,0.000,0.525,-0.0,-0.0,15.99,-0.014,0.000,1338,1338,1338,1338
8.720,takeoff,0.400,0.586,0.088,-0.186,0.000,0.522,-0.0,-0.0,15.99,0.013,0.000,1332,1332,1333,1332
8.740,takeoff,0.400,0.586,0.088,-0.186,0.000,0.522,-0.0,-0.0,15.99,0.013,0.000,1332,1332,1333,1332
8.760,takeoff,0.400,0.588,0.088,-0.188,0.000,0.520,-0.0,-0.0,15.99,0.026,0.000,1332,1332,1333,1332
8.780,takeoff,0.400,0.588,0.088,-0.188,0.000,0.521,-0.0,-0.0,15.99,0.018,0.000,1332,1332,1333,1332
8.800,takeoff,0.400,0.588,0.086,-0.188,0.000,0.521,-0.0,-0.0,15.99,0.018,0.000,1332,1332,1333,1332
8.820,takeoff,0.400,0.589,0.083,-0.189,0.000,0.521,-0.0,-0.0,15.99,0.020,0.000,1322,1323,1323,1323
8.840,takeoff,0.400,0.589,0.083,-0.189,0.000,0.521,-0.0,-0.0,15.99,0.020,0.000,1322,1323,1323,1323
8.860,takeoff,0.400,0.586,0.079,-0.186,0.000,0.525,-0.0,-0.0,15.99,-0.009,0.000,1322,1323,1323,1323
8.880,takeoff,0.400,0.588,0.079,-0.188,0.000,0.521,-0.0,-0.0,15.99,0.022,0.000,1322,1323,1323,1323
8.900,takeoff,0.400,0.588,0.075,-0.188,0.000,0.521,-0.0,-0.0,15.99,0.022,0.000,1322,1323,1323,1323
8.920,takeoff,0.400,0.581,0.073,-0.181,0.000,0.529,-0.0,-0.0,15.99,-0.044,0.000,1321,1322,1322,1322
8.940,takeoff,0.400,0.581,0.073,-0.181,0.000,0.529,-0.0,0.0,15.99,-0.044,0.000,1321,1322,1322,1322
8.960,takeoff,0.400,0.589,0.071,-0.189,0.000,0.519,-0.0,0.0,15.99,0.043,0.000,1321,1322,1322,1322
8.980,takeoff,0.400,0.586,0.071,-0.186,0.000,0.523,-0.0,0.0,15.99,0.002,0.000,1321,1322,1322,1322
9.000,takeoff,0.400,0.586,0.074,-0.186,0.000,0.523,-0.0,0.0,15.99,0.002,0.000,1321,1322,1322,1322
9.020,takeoff,0.400,0.588,0.073,-0.188,0.000,0.521,-0.0,0.0,15.99,0.018,0.000,1328,1327,1328,1328
9.040,takeoff,0.400,0.588,0.073,-0.188,0.000,0.521,-0.0,0.0,15.99,0.018,0.000,1328,1327,1328,1328
9.060,takeoff,0.400,0.588,0.070,-0.188,0.000,0.522,-0.0,0.0,15.99,0.014,0.000,1328,1327,1328,1328
9.080,takeoff,0.400,0.587,0.070,-0.187,0.000,0.522,-0.0,0.0,15.99,0.007,0.000,1328,1327,1328,1328
9.100,takeoff,0.400,0.587,0.067,-0.187,0.000,0.522,-0.0,0.0,15.99,0.007,0.000,1328,1327,1328,1328
9.120,takeoff,0.400,0.587,0.064,-0.187,0.000,0.523,-0.0,0.0,15.99,0.005,0.000,1325,1326,1325,1326
9.140,takeoff,0.400,0.583,0.064,-0.183,0.000,0.528,-0.0,0.0,15.99,-0.041,0.000,1325,1326,1325,1326
9.160,takeoff,0.400,0.583,0.060,-0.183,0.000,0.528,-0.0,0.0,15.99,-0.041,0.000,1325,1326,1325,1326
9.180,takeoff,0.400,0.581,0.060,-0.181,0.000,0.529,-0.0,0.0,15.99,-0.044,0.000,1325,1326,1325,1326
9.200,takeoff,0.400,0.581,0.061,-0.181,0.000,0.529,-0.0,0.0,15.99,-0.044,0.000,1325,1326,1325,1326
9.220,takeoff,0.400,0.581,0.064,-0.181,0.000,0.528,-0.0,0.0,15.99,-0.030,0.000,1341,1341,1341,1340
9.240,takeoff,0.400,0.583,0.064,-0.183,0.000,0.524,-0.0,0.0,15.99,-0.000,0.000,1341,1341,1341,1340
9.260,takeoff,0.400,0.583,0.069,-0.183,0.000,0.524,-0.0,0.0,15.99,-0.000,0.000,1341,1341,1341,1340
9.280,takeoff,0.400,0.584,0.069,-0.184,0.000,0.523,-0.0,0.0,15.99,0.009,0.000,1341,1341,1341,1340
9.300,takeoff,0.400,0.584,0.070,-0.184,0.000,0.523,-0.0,0.0,15.99,0.009,0.000,1341,1341,1341,1340
9.320,takeoff,0.400,0.586,0.069,-0.186,0.000,0.521,-0.0,0.0,15.99,0.022,0.000,1327,1327,1327,1327
9.340,takeoff,0.400,0.583,0.069,-0.183,0.000,0.526,-0.0,0.0,15.99,-0.014,0.000,1327,1327,1327,1327
9.360,takeoff,0.400,0.583,0.067,-0.183,0.000,0.526,-0.0,0.0,15.99,-0.014,0.000,1327,1327,1327,1327
9.380,takeoff,0.400,0.582,0.067,-0.182,0.000,0.526,-0.0,0.0,15.99,-0.015,0.000,1327,1327,1327,1327
9.400,takeoff,0.400,0.582,0.066,-0.182,0.000,0.526,-0.0,0.0,15.99,-0.015,0.000,1327,1327,1327,1327
9.420,takeoff,0.400,0.579,0.067,-0.179,0.000,0.529,-0.0,0.0,15.99,-0.036,0.000,1333,1333,1333,1334
9.440,takeoff,0.400,0.578,0.067,-0.178,0.000,0.530,-0.0,0.0,15.99,-0.039,0.000,1333,1333,1333,1334
9.460,takeoff,0.400,0.578,0.069,-0.178,0.000,0.530,0.0,0.0,15.99,-0.039,0.000,1333,1333,1333,1334
9.480,takeoff,0.400,0.576,0.069,-0.176,0.000,0.530,0.0,0.0,15.99,-0.040,0.000,1333,1333,1333,1334
9.500,takeoff,0.400,0.576,0.074,-0.176,0.000,0.530,0.0,0.0,15.99,-0.040,0.000,1333,1333,1333,1334
9.520,takeoff,0.400,0.580,0.079,-0.180,0.000,0.524,0.0,0.0,15.99,0.006,0.000,1342,1342,1342,1343
9.540,takeoff,0.400,0.572,0.079,-0.172,0.000,0.535,0.0,0.0,15.99,-0.079,0.000,1342,1342,1342,1343
9.560,takeoff,0.400,0.572,0.083,-0.172,0.000,0.535,0.0,0.0,15.99,-0.079,0.000,1342,1342,1342,1343
9.580,takeoff,0.400,0.578,0.083,-0.178,0.000,0.527,0.0,0.0,15.99,-0.011,0.000,1342,1342,1342,1343
9.600,takeoff,0.400,0.578,0.089,-0.178,0.000,0.527,0.0,0.0,15.99,-0.011,0.000,1342,1342,1342,1343
9.620,takeoff,0.400,0.577,0.097,-0.177,0.000,0.528,0.0,0.0,15.99,-0.017,0.000,1335,1336,1335,1335
9.640,takeoff,0.400,0.580,0.097,-0.180,0.000,0.523,0.0,-0.0,15.99,0.019,0.000,1335,1336,1335,1335
9.660,takeoff,0.400,0.580,0.100,-0.180,0.000,0.523,0.0,-0.0,15.99,0.019,0.000,1335,1336,1335,1335
9.680,takeoff,0.400,0.576,0.100,-0.176,0.000,0.529,0.0,-0.0,15.99,-0.028,0.000,1335,1336,1335,1335
9.700,takeoff,0.400,0.576,0.102,-0.176,0.000,0.529,0.0,-0.0,15.99,-0.028,0.000,1335,1336,1335,1335
9.720,takeoff,0.400,0.571,0.102,-0.171,0.000,0.533,0.0,0.0,15.99,-0.059,0.000,1341,1341,1340,1339
9.740,takeoff,0.400,0.583,0.102,-0.183,0.000,0.516,0.0,0.0,15.99,0.080,0.000,1341,1341,1340,1339
9.760,takeoff,0.400,0.583,0.108,-0.183,0.000,0.516,0.0,0.0,15.99,0.080,0.000,1341,1341,1340,1339
9.780,takeoff,0.400,0.582,0.108,-0.182,0.000,0.519,0.0,0.0,15.99,0.051,0.000,1341,1341,1340,1339
9.800,takeoff,0.400,0.582,0.110,-0.182,0.000,0.519,0.0,0.0,15.99,0.051,0.000,1341,1341,1340,1339
9.820,takeoff,0.400,0.575,0.105,-0.175,0.000,0.528,0.0,0.0,15.99,-0.021,0.000,1320,1319,1318,1318
9.840,takeoff,0.400,0.574,0.105,-0.174,0.000,0.529,0.0,0.0,15.99,-0.025,0.000,1320,1319,1318,1318
9.860,takeoff,0.400,0.574,0.100,-0.174,0.000,0.529,0.0,0.0,15.99,-0.025,0.000,1320,1319,1318,1318
9.880,takeoff,0.400,0.578,0.100,-0.178,0.000,0.523,0.0,0.0,15.99,0.022,0.000,1320,1319,1318,1318
9.900,takeoff,0.400,0.579,0.103,-0.179,0.000,0.523,0.0,0.0,15.99,0.025,0.000,1320,1319,1318,1318
9.920,takeoff,0.400,0.579,0.106,-0.179,0.000,0.523,0.0,0.0,15.99,0.025,0.000,1326,1327,1325,1325
9.940,takeoff,0.400,0.581,0.106,-0.181,0.000,0.521,-0.0,0.0,15.99,0.033,0.000,1326,1327,1325,1325
9.960,takeoff,0.400,0.581,0.106,-0.181,0.000,0.521,-0.0,0.0,15.99,0.033,0.000,1326,1327,1325,1325
9.980,takeoff,0.400,0.580,0.106,-0.180,0.000,0.524,-0.0,0.0,15.99,0.014,0.000,1326,1327,1325,1325
10.000,takeoff,0.400,0.582,0.103,-0.182,0.000,0.521,-0.0,0.0,15.99,0.030,0.000,1326,1327,1325,1325
10.020,takeoff,0.400,0.582,0.101,-0.182,0.000,0.521,-0.0,0.0,15.99,0.030,0.000,1324,1323,1323,1323
10.040,takeoff,0.400,0.582,0.101,-0.182,0.000,0.522,-0.0,0.0,15.99,0.024,0.000,1324,1323,1323,1323
10.060,takeoff,0.400,0.582,0.098,-0.182,0.000,0.522,-0.0,0.0,15.99,0.024,0.000,1324,1323,1323,1323
10.080,takeoff,0.400,0.589,0.098,-0.189,0.000,0.515,-0.0,0.0,15.99,0.076,0.000,1324,1323,1323,1323
10.100,takeoff,0.400,0.589,0.095,-0.189,0.000,0.515,-0.0,0.0,15.99,0.076,0.000,1324,1323,1323,1323
10.120,takeoff,0.400,0.583,0.091,-0.183,0.000,0.524,-0.0,0.0,15.99,0.003,0.000,1309,1309,1309,1309
10.140,takeoff,0.400,0.589,0.091,-0.189,0.000,0.517,-0.0,0.0,15.99,0.059,0.000,1309,1309,1309,1309
10.160,takeoff,0.400,0.589,0.082,-0.189,0.000,0.517,-0.0,0.0,15.99,0.059,0.000,1309,1309,1309,1309
10.180,takeoff,0.400,0.588,0.082,-0.188,0.000,0.520,-0.0,-0.0,15.99,0.030,0.000,1309,1309,1309,1309
10.200,takeoff,0.400,0.583,0.078,-0.183,0.000,0.527,-0.0,-0.0,15.99,-0.027,0.000,1309,1309,1309,1309
10.220,takeoff,0.400,0.583,0.071,-0.183,0.000,0.527,-0.0,-0.0,15.99,-0.027,0.000,1335,1335,1335,1336
10.240,takeoff,0.400,0.586,0.071,-0.186,0.000,0.523,-0.0,-0.0,15.99,0.005,0.000,1335,1335,1335,1336
10.260,takeoff,0.400,0.586,0.070,-0.186,0.000,0.523,-0.0,-0.0,15.99,0.005,0.000,1335,1335,1335,1336
10.280,takeoff,0.400,0.581,0.070,-0.181,0.000,0.529,-0.0,0.0,15.99,-0.044,0.000,1335,1335,1335,1336
10.300,takeoff,0.400,0.589,0.071,-0.189,0.000,0.519,-0.0,0.0,15.99,0.042,0.000,1335,1335,1335,1336
10.320,takeoff,0.400,0.589,0.071,-0.189,0.000,0.519,-0.0,-0.0,15.93,0.042,0.000,1317,1316,1317,1317
10.340,takeoff,0.400,0.582,0.071,-0.182,0.000,0.528,-0.0,0.0,15.93,-0.036,0.000,1317,1316,1317,1317
10.360,takeoff,0.400,0.582,0.070,-0.182,0.000,0.528,0.0,0.0,15.93,-0.036,0.000,1317,1316,1317,1317
10.380,takeoff,0.400,0.579,0.070,-0.179,0.000,0.530,0.0,0.0,15.93,-0.046,0.000,1317,1316,1317,1317
10.400,takeoff,0.400,0.585,0.069,-0.185,0.000,0.522,-0.0,0.0,15.93,0.022,0.000,1317,1316,1317,1317
10.420,takeoff,0.400,0.585,0.073,-0.185,0.000,0.522,-0.0,-0.0,15.93,0.022,0.000,1323,1324,1324,1324
10.440,takeoff,0.400,0.584,0.073,-0.184,0.000,0.524,-0.0,-0.0,15.93,0.004,0.000,1323,1324,1324,1324
10.460,takeoff,0.400,0.584,0.074,-0.184,0.000,0.524,-0.0,-0.0,15.93,0.004,0.000,1323,1324,1324,1324
10.480,takeoff,0.400,0.583,0.074,-0.183,0.000,0.525,-0.0,-0.0,15.93,-0.005,0.000,1323,1324,1324,1324
10.500,takeoff,0.400,0.592,0.073,-0.192,0.000,0.515,-0.0,0.0,15.93,0.070,0.000,1323,1324,1324,1324
10.520,takeoff,0.400,0.592,0.073,-0.192,0.000,0.515,-0.0,0.0,15.93,0.070,0.000,1309,1308,1309,1309
10.540,takeoff,0.400,0.579,0.073,-0.179,0.000,0.533,-0.0,0.0,15.93,-0.074,0.000,1309,1308,1309,1309
10.560,takeoff,0.400,0.581,0.067,-0.181,0.000,0.528,-0.0,0.0,15.93,-0.033,0.000,1309,1308,1309,1309
10.580,takeoff,0.400,0.581,0.067,-0.181,0.000,0.528,-0.0,0.0,15.93,-0.033,0.000,1309,1308,1309,1309
10.600,takeoff,0.400,0.577,0.070,-0.177,0.000,0.531,-0.0,0.0,15.93,-0.058,0.000,1309,1308,1309,1309
10.620,takeoff,0.400,0.577,0.073,-0.177,0.000,0.531,-0.0,0.0,15.93,-0.058,0.000,1345,1346,1346,1346
10.640,takeoff,0.400,0.575,0.073,-0.175,0.000,0.533,-0.0,0.0,15.93,-0.064,0.000,1345,1346,1346,1346
10.660,takeoff,0.400,0.575,0.079,-0.175,0.000,0.533,-0.0,0.0,15.93,-0.064,0.000,1345,1346,1346,1346
10.680,takeoff,0.400,0.576,0.079,-0.176,0.000,0.529,-0.0,0.0,15.93,-0.030,0.000,1345,1346,1346,1346
10.700,takeoff,0.400,0.579,0.086,-0.179,0.000,0.525,-0.0,0.0,15.93,0.005,0.000,1345,1346,1346,1346
10.720,takeoff,0.400,0.579,0.094,-0.179,0.000,0.525,-0.0,0.0,15.93,0.005,0.000,1331,1331,1331,1331
10.740,takeoff,0.400,0.575,0.094,-0.175,0.000,0.529,-0.0,0.0,15.93,-0.032,0.000,1331,1331,1331,1331
10.760,takeoff,0.400,0.575,0.097,-0.175,0.000,0.529,-0.0,0.0,15.93,-0.032,0.000,1331,1331,1331,1331
10.780,takeoff,0.400,0.571,0.097,-0.171,0.000,0.532,-0.0,0.0,15.93,-0.051,0.000,1331,1331,1331,1331
10.800,takeoff,0.400,0.584,0.100,-0.184,0.000,0.514,-0.0,0.0,15.93,0.104,0.000,1331,1331,1331,1331
10.820,takeoff,0.400,0.584,0.105,-0.184,0.000,0.514,-0.0,0.0,15.93,0.104,0.000,1306,1306,1305,1306
10.840,takeoff,0.400,0.581,0.105,-0.181,0.000,0.520,-0.0,0.0,15.93,0.049,0.000,1306,1306,1305,1306
10.860,takeoff,0.400,0.580,0.103,-0.180,0.000,0.523,-0.0,0.0,15.93,0.022,0.000,1306,1306,1305,1306
10.880,takeoff,0.400,0.580,0.103,-0.180,0.000,0.523,-0.0,0.0,15.93,0.022,0.000,1306,1306,1305,1306
10.900,takeoff,0.400,0.583,0.096,-0.183,0.000,0.520,-0.0,0.0,15.93,0.042,0.000,1306,1306,1305,1306
10.920,takeoff,0.400,0.583,0.092,-0.183,0.000,0.520,-0.0,0.0,15.93,0.042,0.000,1320,1321,1320,1320
10.940,takeoff,0.400,0.583,0.092,-0.183,0.000,0.521,-0.0,0.0,15.93,0.031,0.000,1320,1321,1320,1320
10.960,takeoff,0.400,0.586,0.088,-0.186,0.000,0.519,-0.0,0.0,15.93,0.048,0.000,1320,1321,1320,1320
10.980,takeoff,0.400,0.586,0.088,-0.186,0.000,0.519,-0.0,0.0,15.93,0.048,0.000,1320,1321,1320,1320
11.000,takeoff,0.400,0.581,0.084,-0.181,0.000,0.526,-0.0,0.0,15.93,-0.011,0.000,1320,1321,1320,1320
11.020,takeoff,0.400,0.581,0.078,-0.181,0.000,0.526,-0.0,0.0,15.93,-0.011,0.000,1334,1334,1333,1333
11.040,takeoff,0.400,0.586,0.078,-0.186,0.000,0.520,0.0,0.0,15.93,0.037,0.000,1334,1334,1333,1333
11.060,takeoff,0.400,0.576,0.077,-0.176,0.000,0.533,-0.0,0.0,15.93,-0.069,0.000,1334,1334,1333,1333
11.080,takeoff,0.400,0.576,0.077,-0.176,0.000,0.533,0.0,0.0,15.93,-0.069,0.000,1334,1334,1333,1333
11.100,takeoff,0.400,0.582,0.077,-0.182,0.000,0.524,0.0,0.0,15.93,0.007,0.000,1334,1334,1333,1333
11.120,takeoff,0.400,0.581,0.083,-0.181,0.000,0.525,0.0,0.0,15.93,-0.001,0.000,1329,1329,1329,1328
11.140,takeoff,0.400,0.581,0.083,-0.181,0.000,0.525,0.0,0.0,15.93,-0.001,0.000,1329,1329,1329,1328
11.160,takeoff,0.400,0.579,0.088,-0.179,0.000,0.527,0.0,0.0,15.93,-0.018,0.000,1329,1329,1329,1328
11.180,takeoff,0.400,0.579,0.088,-0.179,0.000,0.527,0.0,0.0,15.93,-0.018,0.000,1329,1329,1329,1328
11.200,takeoff,0.400,0.582,0.089,-0.182,0.000,0.523,0.0,0.0,15.93,0.013,0.000,1329,1329,1329,1328
11.220,takeoff,0.400,0.575,0.091,-0.175,0.000,0.532,0.0,0.0,15.93,-0.060,0.000,1327,1327,1327,1327
11.240,takeoff,0.400,0.575,0.091,-0.175,0.000,0.532,0.0,0.0,15.93,-0.060,0.000,1327,1327,1327,1327
11.260,takeoff,0.400,0.587,0.092,-0.187,0.000,0.516,0.0,0.0,15.93,0.071,0.000,1327,1327,1327,1327
11.280,takeoff,0.400,0.587,0.092,-0.187,0.000,0.516,0.0,0.0,15.93,0.071,0.000,1327,1327,1327,1327
11.300,takeoff,0.400,0.578,0.099,-0.178,0.000,0.527,0.0,0.0,15.93,-0.013,0.000,1327,1327,1327,1327
11.320,takeoff,0.400,0.587,0.098,-0.187,0.000,0.515,0.0,0.0,15.93,0.080,0.000,1335,1335,1335,1335
11.340,takeoff,0.400,0.587,0.098,-0.187,0.000,0.515,0.0,0.0,15.93,0.080,0.000,1335,1335,1335,1335
11.360,takeoff,0.400,0.572,0.096,-0.172,0.000,0.535,0.0,0.0,15.93,-0.090,0.000,1335,1335,1335,1335
11.380,takeoff,0.400,0.572,0.096,-0.172,0.000,0.536,0.0,0.0,15.93,-0.090,0.000,1335,1335,1335,1335
11.400,takeoff,0.400,0.583,0.091,-0.183,0.000,0.521,-0.0,0.0,15.93,0.036,0.000,1335,1335,1335,1335
11.420,takeoff,0.400,0.576,0.100,-0.176,0.000,0.530,-0.0,0.0,15.93,-0.041,0.000,1321,1321,1322,1322
11.440,takeoff,0.400,0.576,0.100,-0.176,0.000,0.530,-0.0,0.0,15.93,-0.041,0.000,1321,1321,1322,1322
11.460,takeoff,0.400,0.582,0.106,-0.182,0.000,0.522,-0.0,0.0,15.93,0.025,0.000,1321,1321,1322,1322
11.480,takeoff,0.400,0.582,0.106,-0.182,0.000,0.522,-0.0,0.0,15.93,0.025,0.000,1321,1321,1322,1322
11.500,takeoff,0.400,0.583,0.112,-0.183,0.000,0.521,-0.0,0.0,15.93,0.032,0.000,1321,1321,1322,1322
11.520,takeoff,0.400,0.585,0.113,-0.185,0.000,0.519,-0.0,0.0,15.93,0.043,0.000,1322,1322,1323,1323
11.540,takeoff,0.400,0.585,0.113,-0.185,0.000,0.519,-0.0,0.0,15.93,0.043,0.000,1322,1322,1323,1323
11.560,takeoff,0.400,0.585,0.111,-0.185,0.000,0.521,-0.0,0.0,15.93,0.024,0.000,1322,1322,1323,1323
11.580,takeoff,0.400,0.585,0.111,-0.185,0.000,0.521,-0.0,0.0,15.93,0.024,0.000,1322,1322,1323,1323
11.600,takeoff,0.400,0.582,0.107,-0.182,0.000,0.525,-0.0,0.0,15.93,-0.008,0.000,1322,1322,1323,1323
11.620,takeoff,0.400,0.585,0.103,-0.185,0.000,0.522,-0.0,0.0,15.93,0.021,0.000,1331,1331,1332,1332
11.640,takeoff,0.400,0.585,0.103,-0.185,0.000,0.522,-0.0,0.0,15.93,0.021,0.000,1331,1331,1332,1332
11.660,takeoff,0.400,0.584,0.101,-0.184,0.000,0.523,-0.0,0.0,15.93,0.006,0.000,1331,1331,1332,1332
11.680,takeoff,0.400,0.584,0.101,-0.184,0.000,0.523,-0.0,0.0,15.93,0.006,0.000,1331,1331,1332,1332
11.700,takeoff,0.400,0.584,0.099,-0.184,0.000,0.523,-0.0,0.0,15.93,0.006,0.000,1331,1331,1332,1332
11.720,takeoff,0.400,0.586,0.097,-0.186,0.000,0.522,-0.0,0.0,15.93,0.016,0.000,1327,1327,1328,1327
11.740,takeoff,0.400,0.586,0.097,-0.186,0.000,0.522,-0.0,0.0,15.93,0.016,0.000,1327,1327,1328,1327
11.760,takeoff,0.400,0.583,0.095,-0.183,0.000,0.526,-0.0,0.0,15.93,-0.018,0.000,1327,1327,1328,1327
11.780,takeoff,0.400,0.588,0.095,-0.188,0.000,0.520,-0.0,0.0,15.93,0.035,0.000,1327,1327,1328,1327
11.800,takeoff,0.400,0.588,0.093,-0.188,0.000,0.520,-0.0,0.0,15.93,0.035,0.000,1327,1327,1328,1327
11.820,takeoff,0.400,0.580,0.093,-0.180,0.000,0.529,-0.0,0.0,15.93,-0.039,0.000,1319,1320,1319,1319
11.840,takeoff,0.400,0.580,0.093,-0.180,0.000,0.529,-0.0,0.0,15.93,-0.039,0.000,1319,1320,1319,1319
11.860,takeoff,0.400,0.581,0.091,-0.181,0.000,0.527,-0.0,0.0,15.93,-0.018,0.000,1319,1320,1319,1319
11.880,takeoff,0.400,0.582,0.091,-0.182,0.000,0.525,-0.0,0.0,15.93,-0.005,0.000,1319,1320,1319,1319
11.900,takeoff,0.400,0.582,0.095,-0.182,0.000,0.525,-0.0,0.0,15.93,-0.005,0.000,1319,1320,1319,1319
11.920,takeoff,0.400,0.584,0.097,-0.184,0.000,0.523,-0.0,0.0,15.93,0.013,0.000,1332,1331,1331,1331
11.940,takeoff,0.400,0.584,0.097,-0.184,0.000,0.523,-0.0,0.0,15.93,0.013,0.000,1332,1331,1331,1331
11.960,takeoff,0.400,0.576,0.099,-0.176,0.000,0.532,-0.0,0.0,15.93,-0.057,0.000,1332,1331,1331,1331
11.980,takeoff,0.400,0.577,0.099,-0.177,0.000,0.529,-0.0,0.0,15.93,-0.033,0.000,1332,1331,1331,1331
12.000,takeoff,0.400,0.577,0.100,-0.177,0.000,0.529,-0.0,0.0,15.93,-0.033,0.000,1332,1331,1331,1331
12.020,takeoff,0.400,0.585,0.106,-0.185,0.000,0.517,-0.0,0.0,15.93,0.062,0.000,1340,1341,1341,1340
12.040,takeoff,0.400,0.585,0.106,-0.185,0.000,0.517,-0.0,0.0,15.93,0.062,0.000,1340,1341,1341,1340
12.060,takeoff,0.400,0.588,0.112,-0.188,0.000,0.516,-0.0,0.0,15.93,0.066,0.000,1340,1341,1341,1340
12.080,takeoff,0.400,0.588,0.112,-0.188,0.000,0.516,-0.0,0.0,15.93,0.066,0.000,1340,1341,1341,1340
12.100,takeoff,0.400,0.586,0.110,-0.186,0.000,0.520,-0.0,0.0,15.93,0.032,0.000,1340,1341,1341,1340
12.120,takeoff,0.400,0.581,0.104,-0.181,0.000,0.527,-0.0,0.0,15.93,-0.027,0.000,1320,1321,1321,1321
12.140,takeoff,0.400,0.581,0.104,-0.181,0.000,0.527,-0.0,0.0,15.93,-0.027,0.000,1320,1321,1321,1321
12.160,takeoff,0.400,0.579,0.100,-0.179,0.000,0.528,-0.0,0.0,15.93,-0.031,0.000,1320,1321,1321,1321
12.180,takeoff,0.400,0.580,0.100,-0.180,0.000,0.526,-0.0,0.0,15.93,-0.015,0.000,1320,1321,1321,1321
12.200,takeoff,0.400,0.580,0.103,-0.180,0.000,0.526,-0.0,0.0,15.93,-0.015,0.000,1320,1321,1321,1321
12.220,takeoff,0.400,0.588,0.107,-0.188,0.000,0.517,-0.0,0.0,15.93,0.057,0.000,1334,1335,1334,1336
12.240,takeoff,0.400,0.588,0.107,-0.188,0.000,0.517,0.0,0.0,15.93,0.057,0.000,1334,1335,1334,1336
12.260,takeoff,0.400,0.578,0.110,-0.178,0.000,0.531,0.0,0.0,15.93,-0.057,0.000,1334,1335,1334,1336
12.280,takeoff,0.400,0.582,0.110,-0.182,0.000,0.525,0.0,0.0,15.93,-0.008,0.000,1334,1335,1334,1336
12.300,takeoff,0.400,0.582,0.106,-0.182,0.000,0.525,0.0,0.0,15.93,-0.008,0.000,1334,1335,1334,1336
12.320,takeoff,0.400,0.578,0.110,-0.178,0.000,0.530,0.0,0.0,15.87,-0.046,0.000,1332,1332,1333,1332
12.340,takeoff,0.400,0.578,0.110,-0.178,0.000,0.530,-0.0,0.0,15.87,-0.046,0.000,1332,1332,1333,1332
12.360,takeoff,0.400,0.582,0.114,-0.182,0.000,0.524,-0.0,0.0,15.87,0.005,0.000,1332,1332,1333,1332
12.380,takeoff,0.400,0.573,0.114,-0.173,0.000,0.536,-0.0,0.0,15.87,-0.088,0.000,1332,1332,1333,1332
12.400,takeoff,0.400,0.573,0.120,-0.173,0.000,0.536,-0.0,0.0,15.87,-0.088,0.000,1332,1332,1333,1332
12.420,takeoff,0.400,0.579,0.126,-0.179,0.000,0.525,-0.0,0.0,15.87,0.004,0.000,1354,1355,1356,1355
12.440,takeoff,0.400,0.579,0.126,-0.179,0.000,0.526,-0.0,0.0,15.87,-0.005,0.000,1354,1355,1356,1355
12.460,takeoff,0.400,0.579,0.137,-0.179,0.000,0.526,-0.0,0.0,15.87,-0.005,0.000,1354,1355,1356,1355
12.480,takeoff,0.400,0.581,0.137,-0.181,0.000,0.523,-0.0,0.0,15.87,0.016,0.000,1354,1355,1356,1355
12.500,takeoff,0.400,0.581,0.142,-0.181,0.000,0.523,-0.0,0.0,15.87,0.016,0.000,1354,1355,1356,1355
12.520,takeoff,0.400,0.584,0.145,-0.184,0.000,0.520,-0.0,0.0,15.87,0.039,0.000,1326,1327,1327,1328
12.540,takeoff,0.400,0.584,0.145,-0.184,0.000,0.520,-0.0,0.0,15.87,0.039,0.000,1326,1327,1327,1328
12.560,takeoff,0.400,0.580,0.145,-0.180,0.000,0.525,-0.0,0.0,15.87,-0.002,0.000,1326,1327,1327,1328
12.580,takeoff,0.400,0.579,0.145,-0.179,0.000,0.527,-0.0,0.0,15.87,-0.014,0.000,1326,1327,1327,1328
12.600,takeoff,0.400,0.579,0.143,-0.179,0.000,0.527,-0.0,0.0,15.87,-0.014,0.000,1326,1327,1327,1328
12.620,takeoff,0.400,0.581,0.144,-0.181,0.000,0.524,-0.0,0.0,15.87,0.010,0.000,1335,1334,1335,1335
12.640,takeoff,0.400,0.581,0.144,-0.181,0.000,0.524,-0.0,0.0,15.87,0.010,0.000,1335,1334,1335,1335
12.660,takeoff,0.400,0.583,0.145,-0.183,0.000,0.522,-0.0,0.0,15.87,0.022,0.000,1335,1334,1335,1335
12.680,takeoff,0.400,0.573,0.145,-0.173,0.000,0.534,-0.0,0.0,15.87,-0.078,0.000,1335,1334,1335,1335
12.700,takeoff,0.400,0.573,0.146,-0.173,0.000,0.534,-0.0,0.0,15.87,-0.078,0.000,1335,1334,1335,1335
12.720,takeoff,0.400,0.584,0.147,-0.184,0.000,0.519,-0.0,0.0,15.87,0.048,0.000,1352,1353,1352,1352
12.740,takeoff,0.400,0.585,0.147,-0.185,0.000,0.519,-0.0,0.0,15.87,0.043,0.000,1352,1353,1352,1352
12.760,takeoff,0.400,0.585,0.156,-0.185,0.000,0.519,-0.0,0.0,15.87,0.043,0.000,1352,1353,1352,1352
12.780,takeoff,0.400,0.577,0.156,-0.177,0.000,0.531,-0.0,0.0,15.87,-0.048,0.000,1352,1353,1352,1352
12.800,takeoff,0.400,0.577,0.155,-0.177,0.000,0.531,-0.0,0.0,15.87,-0.048,0.000,1352,1353,1352,1352
12.820,takeoff,0.400,0.586,0.155,-0.186,0.000,0.519,-0.0,0.0,15.87,0.047,0.000,1344,1344,1344,1343
12.840,takeoff,0.400,0.589,0.155,-0.189,0.000,0.516,-0.0,0.0,15.87,0.068,0.000,1344,1344,1344,1343
12.860,takeoff,0.400,0.589,0.159,-0.189,0.000,0.516,-0.0,-0.0,15.87,0.068,0.000,1344,1344,1344,1343
12.880,takeoff,0.400,0.586,0.159,-0.186,0.000,0.522,-0.0,-0.0,15.87,0.017,0.000,1344,1344,1344,1343
12.900,takeoff,0.400,0.586,0.156,-0.186,0.000,0.522,-0.0,-0.0,15.87,0.017,0.000,1344,1344,1344,1343
12.920,takeoff,0.400,0.591,0.149,-0.191,0.000,0.516,-0.0,-0.0,15.87,0.058,0.000,1324,1325,1324,1323
12.940,takeoff,0.400,0.589,0.149,-0.189,0.000,0.521,-0.0,-0.0,15.87,0.018,0.000,1324,1325,1324,1323
12.960,takeoff,0.400,0.589,0.144,-0.189,0.000,0.521,-0.0,-0.0,15.87,0.018,0.000,1324,1325,1324,1323
12.980,takeoff,0.400,0.582,0.144,-0.182,0.000,0.530,0.0,-0.0,15.87,-0.058,0.000,1324,1325,1324,1323
13.000,takeoff,0.400,0.582,0.139,-0.182,0.000,0.530,0.0,-0.0,15.87,-0.058,0.000,1324,1325,1324,1323
13.020,takeoff,0.400,0.588,0.139,-0.188,0.000,0.522,0.0,-0.0,15.87,0.011,0.000,1344,1344,1343,1344
13.040,takeoff,0.400,0.588,0.139,-0.188,0.000,0.523,0.0,-0.0,15.87,0.003,0.000,1344,1344,1343,1344
13.060,takeoff,0.400,0.588,0.144,-0.188,0.000,0.523,0.0,-0.0,15.87,0.003,0.000,1344,1344,1343,1344
13.080,takeoff,0.400,0.589,0.144,-0.189,0.000,0.521,0.0,-0.0,15.87,0.015,0.000,1344,1344,1343,1344
13.100,takeoff,0.400,0.589,0.144,-0.189,0.000,0.521,0.0,-0.0,15.87,0.015,0.000,1344,1344,1343,1344
13.120,takeoff,0.400,0.586,0.142,-0.186,0.000,0.526,0.0,-0.0,15.87,-0.020,0.000,1323,1323,1323,1323
13.140,takeoff,0.400,0.585,0.142,-0.185,0.000,0.525,0.0,-0.0,15.87,-0.016,0.000,1323,1323,1323,1323
13.160,takeoff,0.400,0.585,0.139,-0.185,0.000,0.525,0.0,-0.0,15.87,-0.016,0.000,1323,1323,1323,1323
13.180,takeoff,0.400,0.591,0.139,-0.191,0.000,0.519,0.0,0.0,15.87,0.037,0.000,1323,1323,1323,1323
13.200,takeoff,0.400,0.587,0.139,-0.187,0.000,0.525,0.0,0.0,15.87,-0.013,0.000,1323,1323,1323,1323
13.220,takeoff,0.400,0.587,0.138,-0.187,0.000,0.525,0.0,0.0,15.87,-0.013,0.000,1330,1330,1330,1331
13.240,takeoff,0.400,0.583,0.138,-0.183,0.000,0.528,0.0,0.0,15.87,-0.039,0.000,1330,1330,1330,1331
13.260,takeoff,0.400,0.583,0.136,-0.183,0.000,0.528,0.0,0.0,15.87,-0.039,0.000,1330,1330,1330,1331
13.280,takeoff,0.400,0.587,0.136,-0.187,0.000,0.522,0.0,0.0,15.87,0.007,0.000,1330,1330,1330,1331
13.300,takeoff,0.400,0.587,0.137,-0.187,0.000,0.522,0.0,0.0,15.87,0.007,0.000,1330,1330,1330,1331
13.320,takeoff,0.400,0.588,0.139,-0.188,0.000,0.522,0.0,0.0,15.87,0.007,0.000,1325,1325,1325,1327
13.340,takeoff,0.400,0.590,0.139,-0.190,0.000,0.520,0.0,-0.0,15.87,0.023,0.000,1325,1325,1325,1327
13.360,takeoff,0.400,0.590,0.138,-0.190,0.000,0.520,-0.0,-0.0,15.87,0.023,0.000,1325,1325,1325,1327
13.380,takeoff,0.400,0.588,0.138,-0.188,0.000,0.522,-0.0,0.0,15.87,0.006,0.000,1325,1325,1325,1327
13.400,takeoff,0.400,0.589,0.135,-0.189,0.000,0.521,-0.0,0.0,15.87,0.012,0.000,1325,1325,1325,1327
13.420,takeoff,0.400,0.589,0.132,-0.189,0.000,0.521,-0.0,0.0,15.87,0.012,0.000,1323,1323,1324,1323
13.440,takeoff,0.400,0.586,0.132,-0.186,0.000,0.526,-0.0,0.0,15.87,-0.023,0.000,1323,1323,1324,1323
13.460,takeoff,0.400,0.586,0.129,-0.186,0.000,0.526,-0.0,0.0,15.87,-0.023,0.000,1323,1323,1324,1323
13.480,takeoff,0.400,0.581,0.129,-0.181,0.000,0.531,-0.0,0.0,15.87,-0.061,0.000,1323,1323,1324,1323
13.500,takeoff,0.400,0.590,0.128,-0.190,0.000,0.518,-0.0,0.0,15.87,0.044,0.000,1323,1323,1324,1323
13.520,takeoff,0.400,0.590,0.132,-0.190,0.000,0.518,-0.0,0.0,15.87,0.044,0.000,1315,1316,1315,1317
13.540,takeoff,0.400,0.588,0.132,-0.188,0.000,0.521,0.0,-0.0,15.87,0.017,0.000,1315,1316,1315,1317
13.560,takeoff,0.400,0.588,0.131,-0.188,0.000,0.521,0.0,0.0,15.87,0.017,0.000,1315,1316,1315,1317
13.580,takeoff,0.400,0.585,0.131,-0.185,0.000,0.525,0.0,0.0,15.87,-0.015,0.000,1315,1316,1315,1317
13.600,takeoff,0.400,0.586,0.127,-0.186,0.000,0.523,0.0,-0.0,15.87,-0.001,0.000,1315,1316,1315,1317
13.620,takeoff,0.400,0.586,0.125,-0.186,0.000,0.523,0.0,-0.0,15.87,-0.001,0.000,1327,1328,1328,1328
13.640,takeoff,0.400,0.587,0.125,-0.187,0.000,0.523,0.0,-0.0,15.87,0.001,0.000,1327,1328,1328,1328
13.660,takeoff,0.400,0.587,0.124,-0.187,0.000,0.523,0.0,-0.0,15.87,0.001,0.000,1327,1328,1328,1328
13.680,takeoff,0.400,0.579,0.124,-0.179,0.000,0.532,0.0,-0.0,15.87,-0.064,0.000,1327,1328,1328,1328
13.700,takeoff,0.400,0.578,0.123,-0.178,0.000,0.531,0.0,-0.0,15.87,-0.055,0.000,1327,1328,1328,1328
13.720,takeoff,0.400,0.578,0.124,-0.178,0.000,0.531,0.0,-0.0,15.87,-0.055,0.000,1345,1344,1345,1346
13.740,takeoff,0.400,0.581,0.124,-0.181,0.000,0.526,0.0,-0.0,15.87,-0.009,0.000,1345,1344,1345,1346
13.760,takeoff,0.400,0.578,0.131,-0.178,0.000,0.528,0.0,-0.0,15.87,-0.030,0.000,1345,1344,1345,1346
13.780,takeoff,0.400,0.578,0.131,-0.178,0.000,0.528,0.0,-0.0,15.87,-0.030,0.000,1345,1344,1345,1346
13.800,takeoff,0.400,0.580,0.136,-0.180,0.000,0.526,-0.0,-0.0,15.87,-0.011,0.000,1345,1344,1345,1346
13.820,takeoff,0.400,0.580,0.140,-0.180,0.000,0.526,-0.0,-0.0,15.87,-0.011,0.000,1334,1334,1334,1334
13.840,takeoff,0.400,0.580,0.140,-0.180,0.000,0.525,-0.0,-0.0,15.87,-0.003,0.000,1334,1334,1334,1334
13.860,takeoff,0.400,0.582,0.142,-0.182,0.000,0.523,-0.0,-0.0,15.87,0.013,0.000,1334,1334,1334,1334
13.880,takeoff,0.400,0.582,0.142,-0.182,0.000,0.523,-0.0,-0.0,15.87,0.013,0.000,1334,1334,1334,1334
13.900,takeoff,0.400,0.579,0.144,-0.179,0.000,0.526,-0.0,-0.0,15.87,-0.011,0.000,1334,1334,1334,1334
13.920,takeoff,0.400,0.579,0.143,-0.179,0.000,0.526,-0.0,-0.0,15.87,-0.011,0.000,1334,1334,1334,1334
13.940,takeoff,0.400,0.582,0.143,-0.182,0.000,0.523,-0.0,-0.0,15.87,0.011,0.000,1334,1334,1334,1334
13.960,takeoff,0.400,0.582,0.144,-0.182,0.000,0.523,-0.0,-0.0,15.87,0.011,0.000,1334,1334,1334,1334
13.980,takeoff,0.400,0.582,0.144,-0.182,0.000,0.523,-0.0,-0.0,15.87,0.011,0.000,1334,1334,1334,1334
14.000,takeoff,0.400,0.580,0.144,-0.180,0.000,0.527,-0.0,-0.0,15.87,-0.016,0.000,1334,1334,1334,1334
14.020,takeoff,0.400,0.580,0.143,-0.180,0.000,0.527,-0.0,-0.0,15.87,-0.016,0.000,1335,1336,1335,1335
14.040,takeoff,0.400,0.583,0.143,-0.183,0.000,0.522,-0.0,-0.0,15.87,0.022,0.000,1335,1336,1335,1335
14.060,takeoff,0.400,0.580,0.144,-0.180,0.000,0.526,-0.0,-0.0,15.87,-0.009,0.000,1335,1336,1335,1335
14.080,takeoff,0.400,0.580,0.144,-0.180,0.000,0.526,-0.0,-0.0,15.87,-0.009,0.000,1335,1336,1335,1335
14.100,takeoff,0.400,0.581,0.145,-0.181,0.000,0.525,-0.0,0.0,15.87,-0.003,0.000,1335,1336,1335,1335
14.120,takeoff,0.400,0.581,0.146,-0.181,0.000,0.525,0.0,0.0,15.87,-0.003,0.000,1331,1333,1331,1332
14.140,takeoff,0.400,0.579,0.146,-0.179,0.000,0.528,0.0,-0.0,15.87,-0.027,0.000,1331,1333,1331,1332
14.160,takeoff,0.400,0.580,0.146,-0.180,0.000,0.526,0.0,0.0,15.87,-0.008,0.000,1331,1333,1331,1332
14.180,takeoff,0.400,0.580,0.146,-0.180,0.000,0.526,0.0,0.0,15.87,-0.008,0.000,1331,1333,1331,1332
14.200,takeoff,0.400,0.579,0.148,-0.179,0.000,0.527,0.0,0.0,15.87,-0.014,0.000,1331,1333,1331,1332
14.220,takeoff,0.400,0.579,0.149,-0.179,0.000,0.527,0.0,0.0,15.87,-0.014,0.000,1336,1336,1334,1335
14.240,takeoff,0.400,0.581,0.149,-0.181,0.000,0.524,0.0,0.0,15.87,0.008,0.000,1336,1336,1334,1335
14.260,takeoff,0.400,0.578,0.151,-0.178,0.000,0.527,0.0,0.0,15.87,-0.017,0.000,1336,1336,1334,1335
14.280,takeoff,0.400,0.578,0.151,-0.178,0.000,0.527,0.0,0.0,15.87,-0.017,0.000,1336,1336,1334,1335
14.300,takeoff,0.400,0.580,0.152,-0.180,0.000,0.524,0.0,0.0,15.87,0.008,0.000,1336,1336,1334,1335
14.320,takeoff,0.400,0.580,0.154,-0.180,0.000,0.524,0.0,0.0,15.84,0.008,0.000,1329,1330,1328,1329
14.340,takeoff,0.400,0.582,0.154,-0.182,0.000,0.523,0.0,0.0,15.84,0.019,0.000,1329,1330,1328,1329
14.360,takeoff,0.400,0.577,0.154,-0.177,0.000,0.529,0.0,0.0,15.84,-0.035,0.000,1329,1330,1328,1329
14.380,takeoff,0.400,0.577,0.154,-0.177,0.000,0.529,0.0,0.0,15.84,-0.035,0.000,1329,1330,1328,1329
14.400,takeoff,0.400,0.583,0.153,-0.183,0.000,0.521,0.0,0.0,15.84,0.032,0.000,1329,1330,1328,1329
14.420,takeoff,0.400,0.583,0.155,-0.183,0.000,0.521,-0.0,0.0,15.84,0.032,0.000,1322,1322,1322,1322
14.440,takeoff,0.400,0.583,0.155,-0.183,0.000,0.523,-0.0,0.0,15.84,0.017,0.000,1322,1322,1322,1322
14.460,takeoff,0.400,0.582,0.155,-0.182,0.000,0.524,-0.0,0.0,15.84,0.008,0.000,1322,1322,1322,1322
14.480,takeoff,0.400,0.582,0.155,-0.182,0.000,0.524,-0.0,0.0,15.84,0.008,0.000,1322,1322,1322,1322
14.500,takeoff,0.400,0.583,0.152,-0.183,0.000,0.523,-0.0,0.0,15.84,0.014,0.000,1322,1322,1322,1322
14.520,takeoff,0.400,0.586,0.150,-0.186,0.000,0.520,-0.0,0.0,15.84,0.038,0.000,1326,1326,1326,1326
14.540,takeoff,0.400,0.586,0.150,-0.186,0.000,0.520,-0.0,0.0,15.84,0.038,0.000,1326,1326,1326,1326
14.560,takeoff,0.400,0.579,0.147,-0.179,0.000,0.530,-0.0,0.0,15.84,-0.043,0.000,1326,1326,1326,1326
14.580,takeoff,0.400,0.579,0.147,-0.179,0.000,0.530,-0.0,0.0,15.84,-0.043,0.000,1326,1326,1326,1326
14.600,takeoff,0.400,0.583,0.144,-0.183,0.000,0.524,-0.0,0.0,15.84,0.004,0.000,1326,1326,1326,1326
14.620,takeoff,0.400,0.587,0.147,-0.187,0.000,0.519,-0.0,0.0,15.84,0.041,0.000,1329,1328,1328,1329
14.640,takeoff,0.400,0.587,0.147,-0.187,0.000,0.519,-0.0,0.0,15.84,0.041,0.000,1329,1328,1328,1329
14.660,takeoff,0.400,0.584,0.148,-0.184,0.000,0.525,-0.0,0.0,15.84,-0.004,0.000,1329,1328,1328,1329
14.680,takeoff,0.400,0.584,0.148,-0.184,0.000,0.525,-0.0,0.0,15.84,-0.004,0.000,1329,1328,1328,1329
14.700,takeoff,0.400,0.583,0.145,-0.183,0.000,0.525,-0.0,0.0,15.84,-0.008,0.000,1329,1328,1328,1329
14.720,takeoff,0.400,0.584,0.143,-0.184,0.000,0.524,-0.0,0.0,15.84,0.003,0.000,1331,1331,1331,1333
14.740,takeoff,0.400,0.584,0.143,-0.184,0.000,0.524,-0.0,0.0,15.84,0.003,0.000,1331,1331,1331,1333
14.760,takeoff,0.400,0.586,0.143,-0.186,0.000,0.521,-0.0,0.0,15.84,0.024,0.000,1331,1331,1331,1333
14.780,takeoff,0.400,0.586,0.143,-0.186,0.000,0.521,-0.0,0.0,15.84,0.024,0.000,1331,1331,1331,1333
14.800,takeoff,0.400,0.583,0.143,-0.183,0.000,0.526,-0.0,0.0,15.84,-0.016,0.000,1331,1331,1331,1333
14.820,takeoff,0.400,0.581,0.141,-0.181,0.000,0.527,-0.0,0.0,15.84,-0.027,0.000,1333,1333,1334,1334
14.840,takeoff,0.400,0.581,0.141,-0.181,0.000,0.527,-0.0,0.0,15.84,-0.027,0.000,1333,1333,1334,1334
14.860,takeoff,0.400,0.584,0.141,-0.184,0.000,0.523,-0.0,0.0,15.84,0.007,0.000,1333,1333,1334,1334
14.880,takeoff,0.400,0.584,0.141,-0.184,0.000,0.523,-0.0,0.0,15.84,0.007,0.000,1333,1333,1334,1334
14.900,takeoff,0.400,0.580,0.143,-0.180,0.000,0.528,-0.0,0.0,15.84,-0.032,0.000,1333,1333,1334,1334
14.920,takeoff,0.400,0.578,0.143,-0.178,0.000,0.530,-0.0,0.0,15.84,-0.046,0.000,1337,1338,1339,1339
14.940,takeoff,0.400,0.578,0.143,-0.178,0.000,0.530,-0.0,0.0,15.84,-0.046,0.000,1337,1338,1339,1339
14.960,takeoff,0.400,0.580,0.145,-0.180,0.000,0.526,0.0,0.0,15.84,-0.009,0.000,1337,1338,1339,1339
14.980,takeoff,0.400,0.580,0.145,-0.180,0.000,0.526,0.0,0.0,15.84,-0.009,0.000,1337,1338,1339,1339
15.000,takeoff,0.400,0.578,0.150,-0.178,0.000,0.528,0.0,0.0,15.84,-0.023,0.000,1337,1338,1339,1339
15.020,takeoff,0.400,0.583,0.153,-0.183,0.000,0.521,0.0,0.0,15.84,0.030,0.000,1337,1337,1338,1338
15.040,takeoff,0.400,0.583,0.153,-0.183,0.000,0.521,0.0,0.0,15.84,0.030,0.000,1337,1337,1338,1338
15.060,takeoff,0.400,0.582,0.155,-0.182,0.000,0.523,0.0,0.0,15.84,0.016,0.000,1337,1337,1338,1338
15.080,takeoff,0.400,0.578,0.155,-0.178,0.000,0.529,0.0,0.0,15.84,-0.036,0.000,1337,1337,1338,1338
15.100,takeoff,0.400,0.578,0.154,-0.178,0.000,0.529,0.0,0.0,15.84,-0.036,0.000,1337,1337,1338,1338
15.120,takeoff,0.400,0.587,0.152,-0.187,0.000,0.518,0.0,0.0,15.84,0.049,0.000,1340,1340,1341,1341
15.140,takeoff,0.400,0.587,0.152,-0.187,0.000,0.518,-0.0,0.0,15.84,0.049,0.000,1340,1340,1341,1341
15.160,takeoff,0.400,0.579,0.155,-0.179,0.000,0.529,-0.0,0.0,15.84,-0.034,0.000,1340,1340,1341,1341
15.180,takeoff,0.400,0.579,0.155,-0.179,0.000,0.529,-0.0,0.0,15.84,-0.034,0.000,1340,1340,1341,1341
15.200,takeoff,0.400,0.580,0.152,-0.180,0.000,0.527,-0.0,0.0,15.84,-0.019,0.000,1340,1340,1341,1341
15.220,takeoff,0.400,0.580,0.155,-0.180,0.000,0.526,-0.0,0.0,15.84,-0.008,0.000,1335,1335,1336,1336
15.240,takeoff,0.400,0.580,0.155,-0.180,0.000,0.526,-0.0,0.0,15.84,-0.008,0.000,1335,1335,1336,1336
15.260,takeoff,0.400,0.586,0.157,-0.186,0.000,0.519,-0.0,0.0,15.84,0.042,0.000,1335,1335,1336,1336
15.280,takeoff,0.400,0.581,0.157,-0.181,0.000,0.526,-0.0,-0.0,15.84,-0.017,0.000,1335,1335,1336,1336
15.300,takeoff,0.400,0.581,0.157,-0.181,0.000,0.526,-0.0,-0.0,15.84,-0.017,0.000,1335,1335,1336,1336
15.320,takeoff,0.400,0.580,0.156,-0.180,0.000,0.527,-0.0,-0.0,15.84,-0.020,0.000,1334,1334,1335,1334
15.340,takeoff,0.400,0.580,0.156,-0.180,0.000,0.527,-0.0,-0.0,15.84,-0.020,0.000,1334,1334,1335,1334
15.360,takeoff,0.400,0.583,0.156,-0.183,0.000,0.523,-0.0,-0.0,15.84,0.008,0.000,1334,1334,1335,1334
15.380,takeoff,0.400,0.584,0.156,-0.184,0.000,0.522,-0.0,-0.0,15.84,0.016,0.000,1334,1334,1335,1334
15.400,takeoff,0.400,0.584,0.157,-0.184,0.000,0.522,-0.0,-0.0,15.84,0.016,0.000,1334,1334,1335,1334
15.420,takeoff,0.400,0.591,0.156,-0.191,0.000,0.514,-0.0,-0.0,15.84,0.081,0.000,1326,1326,1324,1325
15.440,takeoff,0.400,0.591,0.156,-0.191,0.000,0.514,-0.0,-0.0,15.84,0.081,0.000,1326,1326,1324,1325
15.460,takeoff,0.400,0.587,0.151,-0.187,0.000,0.522,-0.0,-0.0,15.84,0.016,0.000,1326,1326,1324,1325
15.480,takeoff,0.400,0.584,0.151,-0.184,0.000,0.525,0.0,-0.0,15.84,-0.012,0.000,1326,1326,1324,1325
15.500,takeoff,0.400,0.584,0.145,-0.184,0.000,0.525,0.0,-0.0,15.84,-0.012,0.000,1326,1326,1324,1325
15.520,takeoff,0.400,0.586,0.141,-0.186,0.000,0.523,-0.0,-0.0,15.84,0.008,0.000,1332,1333,1330,1331
15.540,takeoff,0.400,0.586,0.141,-0.186,0.000,0.523,-0.0,-0.0,15.84,0.008,0.000,1332,1333,1330,1331
15.560,takeoff,0.400,0.587,0.140,-0.187,0.000,0.522,-0.0,-0.0,15.84,0.009,0.000,1332,1333,1330,1331
15.580,takeoff,0.400,0.586,0.140,-0.186,0.000,0.523,-0.0,-0.0,15.84,0.004,0.000,1332,1333,1330,1331
15.600,takeoff,0.400,0.586,0.138,-0.186,0.000,0.523,-0.0,-0.0,15.84,0.004,0.000,1332,1333,1330,1331
15.620,takeoff,0.400,0.586,0.135,-0.186,0.000,0.523,-0.0,-0.0,15.84,0.003,0.000,1328,1327,1325,1327
15.640,takeoff,0.400,0.586,0.135,-0.186,0.000,0.523,-0.0,-0.0,15.84,0.003,0.000,1328,1327,1325,1327
15.660,takeoff,0.400,0.587,0.133,-0.187,0.000,0.522,-0.0,-0.0,15.84,0.010,0.000,1328,1327,1325,1327
15.680,takeoff,0.400,0.583,0.133,-0.183,0.000,0.527,-0.0,-0.0,15.84,-0.030,0.000,1328,1327,1325,1327
15.700,takeoff,0.400,0.583,0.130,-0.183,0.000,0.527,-0.0,-0.0,15.84,-0.030,0.000,1328,1327,1325,1327
15.720,takeoff,0.400,0.587,0.129,-0.187,0.000,0.521,-0.0,-0.0,15.84,0.024,0.000,1337,1337,1336,1336
15.740,descend,0.400,0.586,0.129,-0.186,0.000,0.523,-0.0,-0.0,15.84,0.009,0.000,1337,1337,1336,1336
15.760,descend,0.581,0.586,0.130,-0.005,-0.000,0.543,-0.0,-0.0,15.84,0.009,0.000,1337,1337,1336,1336
15.780,descend,0.576,0.577,0.130,-0.001,-0.000,0.551,-0.0,-0.0,15.84,-0.065,0.000,1337,1337,1336,1336
15.800,descend,0.571,0.577,0.128,-0.006,-0.000,0.550,-0.0,-0.0,15.84,-0.065,0.000,1337,1337,1336,1336
15.820,descend,0.566,0.580,0.146,-0.014,-0.001,0.544,-0.0,-0.0,15.84,-0.022,0.000,1387,1387,1387,1388
15.840,descend,0.561,0.584,0.146,-0.023,-0.001,0.537,0.0,0.0,15.84,0.023,0.000,1387,1387,1387,1388
15.860,descend,0.556,0.584,0.171,-0.028,-0.002,0.535,0.0,0.0,15.84,0.023,0.000,1387,1387,1387,1388
15.880,descend,0.551,0.585,0.171,-0.034,-0.002,0.533,-0.0,0.0,15.84,0.028,0.000,1387,1387,1387,1388
15.900,descend,0.546,0.585,0.191,-0.039,-0.003,0.532,-0.0,-0.0,15.84,0.028,0.000,1387,1387,1387,1388
15.920,descend,0.541,0.589,0.205,-0.048,-0.004,0.527,-0.0,-0.0,15.84,0.050,0.000,1347,1347,1346,1347
15.940,descend,0.536,0.589,0.205,-0.053,-0.005,0.527,-0.0,-0.0,15.84,0.037,0.000,1347,1347,1346,1347
15.960,descend,0.531,0.589,0.216,-0.058,-0.006,0.526,-0.0,-0.0,15.84,0.037,0.000,1347,1347,1346,1347
15.980,descend,0.526,0.593,0.216,-0.067,-0.008,0.521,-0.0,-0.0,15.84,0.061,0.000,1347,1347,1346,1347
16.000,descend,0.521,0.593,0.221,-0.072,-0.009,0.520,-0.0,-0.0,15.84,0.061,0.000,1347,1347,1346,1347
16.020,descend,0.516,0.597,0.222,-0.081,-0.011,0.515,-0.0,-0.0,15.84,0.084,0.000,1319,1319,1319,1319
16.040,descend,0.511,0.595,0.222,-0.084,-0.012,0.519,-0.0,0.0,15.84,0.037,0.000,1319,1319,1319,1319
16.060,descend,0.506,0.595,0.219,-0.089,-0.014,0.517,-0.0,0.0,15.84,0.037,0.000,1319,1319,1319,1319
16.080,descend,0.501,0.599,0.219,-0.097,-0.016,0.512,-0.0,0.0,15.84,0.062,0.000,1319,1319,1319,1319
16.100,descend,0.496,0.599,0.213,-0.102,-0.018,0.510,-0.0,0.0,15.84,0.062,0.000,1319,1319,1319,1319
16.120,descend,0.491,0.605,0.205,-0.114,-0.020,0.503,-0.0,0.0,15.84,0.108,0.000,1299,1299,1298,1299
16.140,descend,0.486,0.600,0.205,-0.113,-0.023,0.511,-0.0,0.0,15.84,0.020,0.000,1299,1299,1298,1299
16.160,descend,0.481,0.600,0.189,-0.119,-0.025,0.510,-0.0,0.0,15.84,0.020,0.000,1299,1299,1298,1299
16.180,descend,0.476,0.604,0.189,-0.128,-0.027,0.504,-0.0,0.0,15.84,0.053,0.000,1299,1299,1298,1299
16.200,descend,0.471,0.604,0.173,-0.133,-0.030,0.502,-0.0,0.0,15.84,0.053,0.000,1299,1299,1298,1299
16.220,descend,0.466,0.613,0.157,-0.147,-0.033,0.491,0.0,0.0,15.84,0.119,0.000,1279,1280,1279,1280
16.240,descend,0.461,0.602,0.157,-0.141,-0.036,0.506,-0.0,0.0,15.84,-0.018,0.000,1279,1280,1279,1280
16.260,descend,0.456,0.602,0.127,-0.146,-0.039,0.504,-0.0,0.0,15.84,-0.018,0.000,1279,1280,1279,1280
16.280,descend,0.451,0.609,0.127,-0.158,-0.042,0.494,-0.0,0.0,15.84,0.051,0.000,1279,1280,1279,1280
16.300,descend,0.446,0.609,0.110,-0.163,-0.045,0.492,-0.0,0.0,15.84,0.051,0.000,1279,1280,1279,1280
16.320,descend,0.441,0.605,0.080,-0.164,-0.049,0.496,-0.0,0.0,15.84,0.011,0.000,1258,1257,1257,1259
16.340,descend,0.436,0.601,0.080,-0.164,-0.052,0.500,-0.0,0.0,15.84,-0.041,0.000,1258,1257,1257,1259
16.360,descend,0.431,0.601,0.050,-0.169,-0.055,0.498,-0.0,-0.0,15.84,-0.041,0.000,1258,1257,1257,1259
16.380,descend,0.426,0.601,0.050,-0.175,-0.059,0.495,-0.0,-0.0,15.84,-0.024,0.000,1258,1257,1257,1259
16.400,descend,0.421,0.593,0.022,-0.172,-0.062,0.502,-0.0,-0.0,15.84,-0.097,0.000,1258,1257,1257,1259
16.420,descend,0.416,0.593,-0.006,-0.177,-0.066,0.500,-0.0,-0.0,15.84,-0.097,0.000,1279,1279,1281,1281
16.440,descend,0.411,0.593,-0.006,-0.182,-0.069,0.499,-0.0,-0.0,15.84,-0.097,0.000,1279,1279,1281,1281
16.460,descend,0.406,0.588,-0.032,-0.181,-0.073,0.499,-0.0,0.0,15.84,-0.106,0.000,1279,1279,1281,1281
16.480,descend,0.401,0.582,-0.032,-0.180,-0.077,0.502,-0.0,0.0,15.84,-0.141,0.000,1279,1279,1281,1281
16.500,descend,0.396,0.576,-0.058,-0.180,-0.080,0.504,-0.0,0.0,15.84,-0.156,0.000,1279,1279,1281,1281
16.520,descend,0.391,0.576,-0.083,-0.185,-0.084,0.502,-0.0,0.0,15.84,-0.156,0.000,1282,1282,1284,1284
16.540,descend,0.386,0.569,-0.083,-0.183,-0.088,0.503,-0.0,0.0,15.84,-0.168,0.000,1282,1282,1284,1284
16.560,descend,0.381,0.569,-0.111,-0.188,-0.091,0.501,-0.0,-0.0,15.84,-0.168,0.000,1282,1282,1284,1284
16.580,descend,0.376,0.560,-0.111,-0.184,-0.095,0.504,-0.0,-0.0,15.84,-0.194,0.000,1282,1282,1284,1284
16.600,descend,0.371,0.560,-0.134,-0.189,-0.099,0.502,-0.0,-0.0,15.84,-0.194,0.000,1282,1282,1284,1284
16.620,descend,0.366,0.550,-0.157,-0.184,-0.102,0.506,-0.0,-0.0,15.84,-0.227,0.000,1280,1279,1281,1281
16.640,descend,0.361,0.546,-0.157,-0.185,-0.106,0.503,-0.0,-0.0,15.84,-0.201,0.000,1280,1279,1281,1281
16.660,descend,0.356,0.546,-0.183,-0.190,-0.110,0.501,-0.0,-0.0,15.84,-0.201,0.000,1280,1279,1281,1281
16.680,descend,0.351,0.535,-0.183,-0.184,-0.114,0.505,-0.0,0.0,15.84,-0.234,0.000,1280,1279,1281,1281
16.700,descend,0.346,0.523,-0.199,-0.176,-0.117,0.511,-0.0,0.0,15.84,-0.277,0.000,1280,1279,1281,1281
16.720,descend,0.341,0.523,-0.225,-0.181,-0.121,0.509,-0.0,0.0,15.84,-0.277,0.000,1299,1299,1300,1300
16.740,descend,0.336,0.506,-0.225,-0.170,-0.124,0.518,-0.0,0.0,15.84,-0.338,0.000,1299,1299,1300,1300
16.760,descend,0.331,0.506,-0.241,-0.175,-0.128,0.516,-0.0,0.0,15.84,-0.338,0.000,1299,1299,1300,1300
16.780,descend,0.326,0.494,-0.241,-0.168,-0.131,0.519,-0.0,0.0,15.84,-0.352,0.000,1299,1299,1300,1300
16.800,descend,0.321,0.482,-0.253,-0.161,-0.134,0.521,-0.0,0.0,15.84,-0.361,0.000,1299,1299,1300,1300
16.820,descend,0.316,0.482,-0.261,-0.166,-0.138,0.519,-0.0,0.0,15.84,-0.361,0.000,1322,1321,1321,1322
16.840,descend,0.311,0.465,-0.261,-0.154,-0.141,0.525,-0.0,0.0,15.84,-0.393,0.000,1322,1321,1321,1322
16.860,descend,0.306,0.465,-0.265,-0.159,-0.144,0.523,-0.0,0.0,15.84,-0.393,0.000,1322,1321,1321,1322
16.880,descend,0.301,0.454,-0.265,-0.153,-0.147,0.523,-0.0,-0.0,15.84,-0.381,0.000,1322,1321,1321,1322
16.900,descend,0.296,0.440,-0.268,-0.144,-0.150,0.526,-0.0,-0.0,15.84,-0.399,0.000,1322,1321,1321,1322
16.920,descend,0.291,0.440,-0.269,-0.149,-0.153,0.525,-0.0,-0.0,15.84,-0.399,0.000,1335,1335,1333,1334
16.940,descend,0.286,0.420,-0.269,-0.133,-0.155,0.535,-0.0,-0.0,15.84,-0.470,0.000,1335,1335,1333,1334
16.960,descend,0.281,0.420,-0.268,-0.138,-0.158,0.534,-0.0,-0.0,15.84,-0.470,0.000,1335,1335,1333,1334
16.980,descend,0.276,0.410,-0.268,-0.134,-0.161,0.528,-0.0,-0.0,15.84,-0.404,0.000,1335,1335,1333,1334
17.000,descend,0.271,0.394,-0.261,-0.123,-0.163,0.533,0.0,-0.0,15.84,-0.434,0.000,1335,1335,1333,1334
17.020,descend,0.266,0.394,-0.252,-0.128,-0.166,0.531,0.0,-0.0,15.84,-0.434,0.000,1350,1351,1348,1349
17.040,descend,0.261,0.385,-0.252,-0.124,-0.168,0.528,-0.0,-0.0,15.84,-0.389,0.000,1350,1351,1348,1349
17.060,descend,0.256,0.385,-0.244,-0.129,-0.171,0.526,-0.0,-0.0,15.84,-0.389,0.000,1350,1351,1348,1349
17.080,descend,0.251,0.376,-0.244,-0.125,-0.174,0.524,0.0,-0.0,15.84,-0.359,0.000,1350,1351,1348,1349
17.100,descend,0.246,0.355,-0.236,-0.109,-0.176,0.534,0.0,-0.0,15.84,-0.427,0.000,1350,1351,1348,1349
17.120,descend,0.241,0.355,-0.233,-0.114,-0.178,0.533,0.0,-0.0,15.84,-0.427,0.000,1352,1352,1351,1352
17.140,descend,0.236,0.347,-0.233,-0.110,-0.180,0.528,0.0,-0.0,15.84,-0.380,0.000,1352,1352,1351,1352
17.160,descend,0.231,0.347,-0.224,-0.115,-0.182,0.527,0.0,-0.0,15.84,-0.380,0.000,1352,1352,1351,1352
17.180,descend,0.226,0.335,-0.224,-0.109,-0.185,0.527,0.0,-0.0,15.84,-0.368,0.000,1352,1352,1351,1352
17.200,descend,0.221,0.322,-0.217,-0.101,-0.187,0.529,0.0,-0.0,15.84,-0.375,0.000,1352,1352,1351,1352
17.220,descend,0.216,0.322,-0.213,-0.106,-0.189,0.528,0.0,-0.0,15.84,-0.375,0.000,1341,1341,1340,1341
17.240,descend,0.211,0.304,-0.213,-0.093,-0.191,0.536,0.0,-0.0,15.84,-0.424,0.000,1341,1341,1340,1341
17.260,descend,0.206,0.292,-0.209,-0.086,-0.192,0.535,0.0,-0.0,15.84,-0.402,0.000,1341,1341,1340,1341
17.280,descend,0.201,0.292,-0.209,-0.091,-0.194,0.533,0.0,-0.0,15.84,-0.402,0.000,1341,1341,1340,1341
17.300,descend,0.196,0.285,-0.201,-0.089,-0.196,0.528,0.0,-0.0,15.84,-0.350,0.000,1341,1341,1340,1341
17.320,descend,0.191,0.285,-0.188,-0.094,-0.198,0.527,0.0,-0.0,15.84,-0.350,0.000,1339,1339,1339,1338
17.340,descend,0.186,0.273,-0.188,-0.087,-0.200,0.529,0.0,0.0,15.84,-0.358,0.000,1339,1339,1339,1338
17.360,descend,0.181,0.261,-0.182,-0.080,-0.201,0.530,0.0,0.0,15.84,-0.351,0.000,1339,1339,1339,1338
17.380,descend,0.176,0.261,-0.182,-0.085,-0.203,0.528,0.0,0.0,15.84,-0.351,0.000,1339,1339,1339,1338
17.400,descend,0.171,0.251,-0.177,-0.080,-0.205,0.529,-0.0,0.0,15.84,-0.345,0.000,1339,1339,1339,1338
17.420,descend,0.166,0.251,-0.172,-0.084,-0.206,0.527,-0.0,0.0,15.84,-0.345,0.000,1340,1340,1340,1341
17.440,descend,0.161,0.243,-0.172,-0.081,-0.208,0.526,-0.0,0.0,15.84,-0.321,0.000,1340,1340,1340,1341
17.460,descend,0.156,0.229,-0.168,-0.072,-0.209,0.530,-0.0,0.0,15.84,-0.341,0.000,1340,1340,1340,1341
17.480,descend,0.151,0.229,-0.168,-0.078,-0.211,0.528,-0.0,0.0,15.84,-0.341,0.000,1340,1340,1340,1341
17.500,descend,0.146,0.216,-0.164,-0.069,-0.212,0.531,-0.0,0.0,15.84,-0.349,0.000,1340,1340,1340,1341
17.520,descend,0.141,0.216,-0.160,-0.074,-0.214,0.529,-0.0,0.0,15.84,-0.349,0.000,1344,1343,1344,1345
17.540,descend,0.136,0.207,-0.160,-0.071,-0.215,0.527,-0.0,0.0,15.84,-0.323,0.000,1344,1343,1344,1345
17.560,descend,0.131,0.197,-0.154,-0.066,-0.216,0.528,-0.0,0.0,15.84,-0.320,0.000,1344,1343,1344,1345
17.580,descend,0.126,0.197,-0.154,-0.071,-0.218,0.527,-0.0,0.0,15.84,-0.320,0.000,1344,1343,1344,1345
17.600,descend,0.121,0.185,-0.150,-0.064,-0.219,0.531,-0.0,0.0,15.84,-0.346,0.000,1344,1343,1344,1345
17.620,descend,0.116,0.185,-0.147,-0.069,-0.220,0.529,-0.0,0.0,15.84,-0.346,0.000,1344,1344,1345,1345
17.640,descend,0.111,0.169,-0.147,-0.057,-0.222,0.535,-0.0,0.0,15.84,-0.372,0.000,1344,1344,1345,1345
17.660,descend,0.106,0.164,-0.140,-0.058,-0.223,0.527,-0.0,0.0,15.84,-0.303,0.000,1344,1344,1345,1345
17.680,descend,0.101,0.164,-0.140,-0.063,-0.224,0.526,-0.0,0.0,15.84,-0.303,0.000,1344,1344,1345,1345
17.700,descend,0.096,0.151,-0.134,-0.055,-0.225,0.531,-0.0,0.0,15.84,-0.339,0.000,1344,1344,1345,1345
17.720,descend,0.091,0.148,-0.129,-0.057,-0.226,0.523,-0.0,0.0,15.84,-0.266,0.000,1345,1345,1346,1347
17.740,descend,0.086,0.148,-0.129,-0.062,-0.228,0.522,-0.0,0.0,15.84,-0.266,0.000,1345,1345,1346,1347
17.760,descend,0.081,0.133,-0.122,-0.052,-0.229,0.529,-0.0,0.0,15.84,-0.310,0.000,1345,1345,1346,1347
17.780,descend,0.076,0.133,-0.122,-0.057,-0.230,0.527,-0.0,0.0,15.84,-0.310,0.000,1345,1345,1346,1347
17.800,descend,0.071,0.121,-0.121,-0.050,-0.231,0.529,-0.0,0.0,15.84,-0.312,0.000,1345,1345,1346,1347
17.820,descend,0.066,0.121,-0.118,-0.055,-0.232,0.528,-0.0,0.0,15.84,-0.312,0.000,1340,1340,1340,1341
17.840,descend,0.061,0.112,-0.118,-0.050,-0.232,0.530,-0.0,0.0,15.84,-0.320,0.000,1340,1340,1340,1341
17.860,descend,0.056,0.108,-0.114,-0.052,-0.232,0.523,-0.0,0.0,15.84,-0.257,0.000,1340,1340,1340,1341
17.880,descend,0.051,0.108,-0.114,-0.057,-0.232,0.522,-0.0,0.0,15.84,-0.257,0.000,1340,1340,1340,1341
17.900,descend,0.046,0.099,-0.110,-0.053,-0.232,0.523,-0.0,0.0,15.84,-0.257,0.000,1340,1340,1340,1341
17.920,descend,0.041,0.083,-0.110,-0.042,-0.232,0.533,-0.0,0.0,15.84,-0.334,0.000,1326,1326,1326,1326
17.940,descend,0.036,0.083,-0.110,-0.047,-0.232,0.532,-0.0,0.0,15.84,-0.334,0.000,1326,1326,1326,1326
17.960,descend,0.031,0.079,-0.108,-0.048,-0.232,0.525,-0.0,0.0,15.84,-0.268,0.000,1326,1326,1326,1326
17.980,descend,0.026,0.079,-0.108,-0.053,-0.232,0.524,-0.0,0.0,15.84,-0.268,0.000,1326,1326,1326,1326
18.000,descend,0.021,0.066,-0.102,-0.045,-0.232,0.530,-0.0,0.0,15.84,-0.306,0.000,1326,1326,1326,1326
18.020,descend,0.016,0.066,-0.100,-0.050,-0.232,0.528,-0.0,0.0,15.84,-0.306,0.000,1342,1342,1341,1342
18.040,descend,0.011,0.057,-0.100,-0.046,-0.232,0.527,-0.0,0.0,15.84,-0.288,0.000,1342,1342,1341,1342
18.060,descend,0.006,0.052,-0.098,-0.046,-0.232,0.524,-0.0,0.0,15.84,-0.249,0.000,1342,1342,1341,1342
18.080,descend,0.001,0.052,-0.098,-0.051,-0.232,0.522,-0.0,0.0,15.84,-0.249,0.000,1342,1342,1341,1342
18.100,descend,0.000,0.044,-0.007,-0.044,-0.232,0.512,-0.0,0.3,15.84,-0.250,0.000,1342,1342,1341,1342
18.120,descend,0.000,0.041,0.190,-0.041,-0.232,0.502,-0.0,0.2,15.84,-0.202,0.000,1285,1322,1286,1318
18.140,descend,0.000,0.041,0.190,-0.041,-0.232,0.492,-0.0,0.1,15.84,-0.202,0.000,1285,1322,1286,1318
18.160,descend,0.000,0.044,0.192,-0.044,-0.232,0.482,-0.0,0.1,15.84,-0.117,0.000,1285,1322,1286,1318
18.180,descend,0.000,0.044,0.192,-0.044,-0.232,0.472,-0.0,0.2,15.84,-0.117,0.000,1285,1322,1286,1318
18.200,descend,0.000,0.041,0.172,-0.041,-0.232,0.462,-0.0,0.1,15.84,-0.106,0.000,1285,1322,1286,1318
18.220,descend,0.000,0.044,0.142,-0.044,-0.232,0.452,-0.0,0.1,15.84,-0.043,0.000,1222,1152,1302,1084
18.240,descend,0.000,0.044,0.142,-0.044,-0.232,0.442,-0.0,0.3,15.84,-0.043,0.000,1222,1152,1302,1084
18.260,descend,0.000,0.045,0.172,-0.045,-0.232,0.432,-0.0,0.4,15.84,-0.030,0.000,1222,1152,1302,1084
18.280,descend,0.000,0.045,0.172,-0.045,-0.232,0.422,-0.0,0.4,15.84,-0.030,0.000,1222,1152,1302,1084
18.300,descend,0.000,0.043,0.173,-0.043,-0.232,0.412,-0.0,0.4,15.84,-0.033,0.000,1222,1152,1302,1084
18.320,descend,0.000,0.048,0.174,-0.048,-0.232,0.402,-0.0,0.4,15.84,0.025,0.000,1091,1067,1091,1062
18.340,descend,0.000,0.048,0.174,-0.048,-0.232,0.392,-0.0,0.4,15.84,0.025,0.000,1091,1067,1091,1062
18.360,descend,0.000,0.040,0.175,-0.040,-0.232,0.382,-0.0,0.4,15.84,-0.060,0.000,1091,1067,1091,1062
18.380,descend,0.000,0.040,0.175,-0.040,-0.232,0.372,-0.0,0.4,15.84,-0.060,0.000,1091,1067,1091,1062
18.400,descend,0.000,0.040,0.175,-0.040,-0.232,0.362,-0.0,0.4,15.84,-0.038,0.000,1091,1067,1091,1062
18.420,descend,0.000,0.043,0.176,-0.043,-0.232,0.352,-0.0,0.4,15.84,-0.002,0.000,978,953,980,949
18.440,descend,0.000,0.043,0.176,-0.043,-0.232,0.342,-0.0,0.4,15.84,-0.002,0.000,978,953,980,949
18.460,descend,0.000,0.043,0.177,-0.043,-0.232,0.332,-0.0,0.4,15.84,-0.002,0.000,978,953,980,949
18.480,descend,0.000,0.043,0.177,-0.043,-0.232,0.322,-0.0,0.4,15.84,-0.002,0.000,978,953,980,949
18.500,descend,0.000,0.040,0.177,-0.040,-0.232,0.312,-0.0,0.4,15.84,-0.033,0.000,978,953,980,949
18.520,disarm,0.000,0.044,0.177,0.000,-0.232,0.302,-0.0,0.4,15.84,0.009,0.000,866,839,870,835
18.540,disarm,0.000,0.044,0.177,0.000,-0.232,0.000,-0.0,0.4,15.84,0.009,0.000,866,839,870,835
18.560,disarm,0.000,0.049,0.178,0.000,-0.232,0.000,-0.0,0.4,15.84,0.051,0.000,866,839,870,835
18.580,disarm,0.000,0.049,0.178,0.000,-0.232,0.000,-0.1,0.4,15.84,0.051,0.000,866,839,870,835
18.600,disarm,0.000,0.043,0.178,0.000,-0.232,0.000,-0.1,0.4,15.84,-0.013,0.000,866,839,870,835
18.620,disarm,0.000,0.044,0.178,0.000,-0.232,0.000,-0.1,0.4,15.84,-0.003,0.000,150,150,150,150
18.640,disarm,0.000,0.044,0.178,0.000,-0.232,0.000,-0.1,0.3,15.84,-0.003,0.000,150,150,150,150
18.660,disarm,0.000,0.040,0.179,0.000,-0.232,0.000,-0.1,0.3,15.84,-0.037,0.000,150,150,150,150
18.680,disarm,0.000,0.040,0.179,0.000,-0.232,0.000,-0.1,0.3,15.84,-0.037,0.000,150,150,150,150
18.700,disarm,0.000,0.044,0.179,0.000,-0.232,0.000,-0.1,0.3,15.84,0.009,0.000,150,150,150,150
18.720,disarm,0.000,0.040,0.180,0.000,-0.232,0.000,-0.1,0.3,15.84,-0.033,0.000,150,150,150,150
18.740,disarm,0.000,0.040,0.180,0.000,-0.232,0.000,-0.1,0.3,15.84,-0.033,0.000,150,150,150,150
18.760,disarm,0.000,0.044,0.180,0.000,-0.232,0.000,-0.1,0.3,15.84,0.011,0.000,150,150,150,150
18.780,disarm,0.000,0.040,0.180,0.000,-0.232,0.000,-0.1,0.3,15.84,-0.029,0.000,150,150,150,150
18.800,disarm,0.000,0.040,0.180,0.000,-0.232,0.000,-0.1,0.3,15.84,-0.029,0.000,150,150,150,150
18.820,disarm,0.000,0.046,0.181,0.000,-0.232,0.000,-0.1,0.3,15.84,0.027,0.000,150,150,150,150
18.840,disarm,0.000,0.046,0.181,0.000,-0.232,0.000,-0.1,0.3,15.84,0.027,0.000,150,150,150,150
18.860,disarm,0.000,0.044,0.181,0.000,-0.232,0.000,-0.1,0.3,15.84,0.009,0.000,150,150,150,150
18.880,disarm,0.000,0.049,0.181,0.000,-0.232,0.000,-0.1,0.3,15.84,0.051,0.000,150,150,150,150
18.900,disarm,0.000,0.049,0.181,0.000,-0.232,0.000,-0.1,0.3,15.84,0.051,0.000,150,150,150,150
18.920,disarm,0.000,0.046,0.181,0.000,-0.232,0.000,-0.1,0.3,15.84,0.001,0.000,150,150,150,150
18.940,disarm,0.000,0.046,0.181,0.000,-0.232,0.000,-0.1,0.3,15.84,0.001,0.000,150,150,150,150
18.960,disarm,0.000,0.046,0.182,0.000,-0.232,0.000,-0.1,0.3,15.84,0.003,0.000,150,150,150,150
18.980,disarm,0.000,0.040,0.182,0.000,-0.232,0.000,-0.1,0.3,15.84,-0.049,0.000,150,150,150,150
19.000,disarm,0.000,0.040,0.182,0.000,-0.232,0.000,-0.1,0.3,15.84,-0.049,0.000,150,150,150,150
19.020,disarm,0.000,0.044,0.183,0.000,-0.232,0.000,-0.1,0.3,15.84,0.004,0.000,150,150,150,150
19.040,disarm,0.000,0.044,0.183,0.000,-0.232,0.000,-0.1,0.3,15.84,0.004,0.000,150,150,150,150
19.060,disarm,0.000,0.040,0.184,0.000,-0.232,0.000,-0.1,0.3,15.84,-0.032,0.000,150,150,150,150
19.080,disarm,0.000,0.044,0.184,0.000,-0.232,0.000,-0.1,0.3,15.84,0.006,0.000,150,150,150,150
19.100,disarm,0.000,0.044,0.185,0.000,-0.232,0.000,-0.1,0.3,15.84,0.006,0.000,150,150,150,150
19.120,disarm,0.000,0.048,0.185,0.000,-0.232,0.000,-0.1,0.3,15.84,0.042,0.000,150,150,150,150
19.140,disarm,0.000,0.048,0.185,0.000,-0.232,0.000,-0.1,0.3,15.84,0.042,0.000,150,150,150,150
19.160,disarm,0.000,0.047,0.185,0.000,-0.232,0.000,-0.1,0.3,15.84,0.023,0.000,150,150,150,150
19.180,disarm,0.000,0.045,0.185,0.000,-0.232,0.000,-0.1,0.3,15.84,-0.003,0.000,150,150,150,150
19.200,disarm,0.000,0.045,0.185,0.000,-0.232,0.000,-0.1,0.3,15.84,-0.003,0.000,150,150,150,150
19.220,disarm,0.000,0.040,0.186,0.000,-0.232,0.000,-0.1,0.3,15.84,-0.046,0.000,150,150,150,150
19.240,disarm,0.000,0.040,0.186,0.000,-0.232,0.000,-0.1,0.3,15.84,-0.046,0.000,150,150,150,150
19.260,disarm,0.000,0.044,0.186,0.000,-0.232,0.000,-0.1,0.3,15.84,0.003,0.000,150,150,150,150
19.280,disarm,0.000,0.041,0.186,0.000,-0.232,0.000,-0.1,0.3,15.84,-0.028,0.000,150,150,150,150
19.300,disarm,0.000,0.041,0.186,0.000,-0.232,0.000,-0.1,0.3,15.84,-0.028,0.000,150,150,150,150
